#Digilent WaveForms Oscilloscope Acquisition,
#Device Name: Discovery2,
#Serial Number: SN:210321A4216E,
#Date Time: 2020-04-30 20:16:13.865,
#Sample rate: 800Hz,
#Samples: 8000,
#Trigger: Source: Channel 1 Type: Edge Condition: Rising Level: 0 V Hyst.: Auto HoldOff: 0 s,
#Channel 1: Range: 50 mV/div Offset: -200 mV,
,
Time (s),Channel 1 (V)
-5,-0.00172475
-4.99875,-0.00272614
-4.9975,-0.00239234
-4.99625,-0.00172475
-4.995,-0.000723349
-4.99375,-0.00038955
-4.9925,-0.00038955
-4.99125,-0.000723349
-4.99,-0.00038955
-4.98875,0.000945647
-4.9875,0.00228084
-4.98625,0.000278049
-4.985,-0.00139095
-4.98375,-0.00172475
-4.9825,-0.00105715
-4.98125,-0.000723349
-4.98,-0.00172475
-4.97875,-0.00272614
-4.9775,-0.00272614
-4.97625,-0.00205855
-4.975,-0.000723349
-4.97375,-0.00038955
-4.9725,-0.00038955
-4.97125,-0.000723349
-4.97,-0.00038955
-4.96875,0.00127945
-4.9675,0.00228084
-4.96625,0.000278049
-4.965,-0.00139095
-4.96375,-0.00205855
-4.9625,-0.00105715
-4.96125,-0.000723349
-4.96,-0.00139095
-4.95875,-0.00272614
-4.9575,-0.00239234
-4.95625,-0.00205855
-4.955,-0.000723349
-4.95375,-0.00038955
-4.9525,-0.00038955
-4.95125,-0.000723349
-4.95,-0.00038955
-4.94875,0.000945647
-4.9475,0.00228084
-4.94625,0.000278049
-4.945,-0.00139095
-4.94375,-0.00205855
-4.9425,-0.00105715
-4.94125,-0.000723349
-4.94,-0.00172475
-4.93875,-0.00272614
-4.9375,-0.00272614
-4.93625,-0.00205855
-4.935,-0.000723349
-4.93375,-0.00038955
-4.9325,-0.00038955
-4.93125,-0.000723349
-4.93,-0.00038955
-4.92875,0.000945647
-4.9275,0.00228084
-4.92625,0.000278049
-4.925,-0.00139095
-4.92375,-0.00205855
-4.9225,-0.00105715
-4.92125,-0.000723349
-4.92,-0.00172475
-4.91875,-0.00272614
-4.9175,-0.00272614
-4.91625,-0.00205855
-4.915,-0.000723349
-4.91375,-0.00038955
-4.9125,-0.000723349
-4.91125,-0.000723349
-4.91,-0.00038955
-4.90875,0.000945647
-4.9075,0.00228084
-4.90625,0.000278049
-4.905,-0.00139095
-4.90375,-0.00205855
-4.9025,-0.00105715
-4.90125,-0.000723349
-4.9,-0.00139095
-4.89875,-0.00272614
-4.8975,-0.00272614
-4.89625,-0.00205855
-4.895,-0.000723349
-4.89375,-0.00038955
-4.8925,-0.00038955
-4.89125,-0.000723349
-4.89,-0.00038955
-4.88875,0.000945647
-4.8875,0.00228084
-4.88625,0.000278049
-4.885,-0.00139095
-4.88375,-0.00205855
-4.8825,-0.00105715
-4.88125,-0.000723349
-4.88,-0.00139095
-4.87875,-0.00272614
-4.8775,-0.00239234
-4.87625,-0.00205855
-4.875,-0.000723349
-4.87375,-0.00038955
-4.8725,-0.00038955
-4.87125,-0.000723349
-4.87,-0.00038955
-4.86875,0.000945647
-4.8675,0.00228084
-4.86625,0.000278049
-4.865,-0.00139095
-4.86375,-0.00205855
-4.8625,-0.00105715
-4.86125,-0.000723349
-4.86,-0.00139095
-4.85875,-0.00272614
-4.8575,-0.00272614
-4.85625,-0.00205855
-4.855,-0.000723349
-4.85375,-0.00038955
-4.8525,-0.00038955
-4.85125,-0.000723349
-4.85,-0.000723349
-4.84875,0.000945647
-4.8475,0.00228084
-4.84625,0.000278049
-4.845,-0.00139095
-4.84375,-0.00205855
-4.8425,-0.00105715
-4.84125,-0.000723349
-4.84,-0.00172475
-4.83875,-0.00305994
-4.8375,-0.00272614
-4.83625,-0.00205855
-4.835,-0.000723349
-4.83375,-0.00038955
-4.8325,-0.00038955
-4.83125,-0.000723349
-4.83,-0.00038955
-4.82875,0.000945647
-4.8275,0.00228084
-4.82625,0.000278049
-4.825,-0.00139095
-4.82375,-0.00205855
-4.8225,-0.00105715
-4.82125,-0.000723349
-4.82,-0.00139095
-4.81875,-0.00272614
-4.8175,-0.00272614
-4.81625,-0.00205855
-4.815,-0.000723349
-4.81375,-0.00038955
-4.8125,-0.00038955
-4.81125,-0.000723349
-4.81,-0.00038955
-4.80875,0.000945647
-4.8075,0.00228084
-4.80625,0.000278049
-4.805,-0.00139095
-4.80375,-0.00172475
-4.8025,-0.00105715
-4.80125,-0.000723349
-4.8,-0.00139095
-4.79875,-0.00272614
-4.7975,-0.00272614
-4.79625,-0.00205855
-4.795,-0.000723349
-4.79375,-0.00038955
-4.7925,-0.00038955
-4.79125,-0.000723349
-4.79,-0.000723349
-4.78875,0.000945647
-4.7875,0.00228084
-4.78625,0.000278049
-4.785,-0.00139095
-4.78375,-0.00205855
-4.7825,-0.00105715
-4.78125,-0.000723349
-4.78,-0.00139095
-4.77875,-0.00272614
-4.7775,-0.00272614
-4.77625,-0.00205855
-4.775,-0.000723349
-4.77375,-0.00038955
-4.7725,-0.00038955
-4.77125,-0.00038955
-4.77,-0.00038955
-4.76875,0.000945647
-4.7675,0.00261464
-4.76625,0.000278049
-4.765,-0.00139095
-4.76375,-0.00172475
-4.7625,-0.00105715
-4.76125,-0.000723349
-4.76,-0.00139095
-4.75875,-0.00272614
-4.7575,-0.00239234
-4.75625,-0.00205855
-4.755,-0.000723349
-4.75375,-0.00038955
-4.7525,-0.00038955
-4.75125,-0.000723349
-4.75,-0.00038955
-4.74875,0.000945647
-4.7475,0.00228084
-4.74625,0.000278049
-4.745,-0.00139095
-4.74375,-0.00205855
-4.7425,-0.00105715
-4.74125,-0.000723349
-4.74,-0.00139095
-4.73875,-0.00272614
-4.7375,-0.00272614
-4.73625,-0.00205855
-4.735,-0.000723349
-4.73375,-0.00038955
-4.7325,-0.00038955
-4.73125,-0.000723349
-4.73,-0.000723349
-4.72875,0.000945647
-4.7275,0.00228084
-4.72625,0.000278049
-4.725,-0.00139095
-4.72375,-0.00205855
-4.7225,-0.00105715
-4.72125,-0.000723349
-4.72,-0.00139095
-4.71875,-0.00305994
-4.7175,-0.00272614
-4.71625,-0.00205855
-4.715,-0.000723349
-4.71375,-0.00038955
-4.7125,-0.00038955
-4.71125,-0.000723349
-4.71,-0.00038955
-4.70875,0.000945647
-4.7075,0.00228084
-4.70625,0.000278049
-4.705,-0.00139095
-4.70375,-0.00172475
-4.7025,-0.00105715
-4.70125,-0.000723349
-4.7,-0.00139095
-4.69875,-0.00272614
-4.6975,-0.00272614
-4.69625,-0.00205855
-4.695,-0.000723349
-4.69375,-0.00038955
-4.6925,-0.00038955
-4.69125,-0.000723349
-4.69,-0.000723349
-4.68875,0.000945647
-4.6875,0.00228084
-4.68625,0.000278049
-4.685,-0.00139095
-4.68375,-0.00205855
-4.6825,-0.00105715
-4.68125,-0.000723349
-4.68,-0.00172475
-4.67875,-0.00272614
-4.6775,-0.00272614
-4.67625,-0.00205855
-4.675,-0.000723349
-4.67375,-0.00038955
-4.6725,-0.00038955
-4.67125,-0.000723349
-4.67,-0.000723349
-4.66875,0.000945647
-4.6675,0.00228084
-4.66625,0.000278049
-4.665,-0.00139095
-4.66375,-0.00172475
-4.6625,-0.00105715
-4.66125,-0.000723349
-4.66,-0.00139095
-4.65875,-0.00272614
-4.6575,-0.00272614
-4.65625,-0.00205855
-4.655,-0.000723349
-4.65375,-0.00038955
-4.6525,-0.00038955
-4.65125,-0.000723349
-4.65,-0.000723349
-4.64875,0.000945647
-4.6475,0.00261464
-4.64625,0.000278049
-4.645,-0.00139095
-4.64375,-0.00205855
-4.6425,-0.00105715
-4.64125,-0.000723349
-4.64,-0.00139095
-4.63875,-0.00272614
-4.6375,-0.00239234
-4.63625,-0.00205855
-4.635,-0.000723349
-4.63375,-0.00038955
-4.6325,-0.00038955
-4.63125,-0.000723349
-4.63,-0.000723349
-4.62875,0.000945647
-4.6275,0.00261464
-4.62625,0.000278049
-4.625,-0.00139095
-4.62375,-0.00172475
-4.6225,-0.00105715
-4.62125,-0.000723349
-4.62,-0.00139095
-4.61875,-0.00272614
-4.6175,-0.00272614
-4.61625,-0.00205855
-4.615,-0.000723349
-4.61375,-0.00038955
-4.6125,-0.00038955
-4.61125,-0.000723349
-4.61,-0.00038955
-4.60875,0.000945647
-4.6075,0.00261464
-4.60625,0.000278049
-4.605,-0.00139095
-4.60375,-0.00172475
-4.6025,-0.00105715
-4.60125,-0.000723349
-4.6,-0.00139095
-4.59875,-0.00272614
-4.5975,-0.00272614
-4.59625,-0.00205855
-4.595,-0.000723349
-4.59375,-0.00038955
-4.5925,-0.00038955
-4.59125,-0.00038955
-4.59,-0.00038955
-4.58875,0.000945647
-4.5875,0.00261464
-4.58625,0.000278049
-4.585,-0.00139095
-4.58375,-0.00172475
-4.5825,-0.00105715
-4.58125,-0.000723349
-4.58,-0.00139095
-4.57875,-0.00272614
-4.5775,-0.00272614
-4.57625,-0.00205855
-4.575,-0.000723349
-4.57375,-0.00038955
-4.5725,-0.00038955
-4.57125,-0.00038955
-4.57,-0.000723349
-4.56875,0.000945647
-4.5675,0.00261464
-4.56625,0.000611848
-4.565,-0.00105715
-4.56375,-0.00172475
-4.5625,-0.00105715
-4.56125,-0.000723349
-4.56,-0.00139095
-4.55875,-0.00272614
-4.5575,-0.00239234
-4.55625,-0.00205855
-4.555,-0.000723349
-4.55375,-0.00038955
-4.5525,-0.00038955
-4.55125,-0.00038955
-4.55,-0.00038955
-4.54875,0.000945647
-4.5475,0.00261464
-4.54625,0.000611848
-4.545,-0.00105715
-4.54375,-0.00172475
-4.5425,-0.00105715
-4.54125,-0.000723349
-4.54,-0.00139095
-4.53875,-0.00272614
-4.5375,-0.00239234
-4.53625,-0.00205855
-4.535,-0.000723349
-4.53375,-0.00038955
-4.5325,-0.00038955
-4.53125,-0.000723349
-4.53,-0.000723349
-4.52875,0.000945647
-4.5275,0.00261464
-4.52625,0.000278049
-4.525,-0.00139095
-4.52375,-0.00172475
-4.5225,-0.00105715
-4.52125,-0.000723349
-4.52,-0.00139095
-4.51875,-0.00272614
-4.5175,-0.00239234
-4.51625,-0.00205855
-4.515,-0.000723349
-4.51375,-0.00038955
-4.5125,-0.00038955
-4.51125,-0.00038955
-4.51,-0.000723349
-4.50875,0.000945647
-4.5075,0.00228084
-4.50625,0.000611848
-4.505,-0.00105715
-4.50375,-0.00172475
-4.5025,-0.00105715
-4.50125,-0.000723349
-4.5,-0.00139095
-4.49875,-0.00272614
-4.4975,-0.00272614
-4.49625,-0.00205855
-4.495,-0.000723349
-4.49375,-0.00038955
-4.4925,-0.00038955
-4.49125,-0.00038955
-4.49,-0.00038955
-4.48875,0.000945647
-4.4875,0.00261464
-4.48625,0.000278049
-4.485,-0.00139095
-4.48375,-0.00172475
-4.4825,-0.00105715
-4.48125,-0.000723349
-4.48,-0.00139095
-4.47875,-0.00272614
-4.4775,-0.00272614
-4.47625,-0.00205855
-4.475,-0.000723349
-4.47375,-0.00038955
-4.4725,-0.00038955
-4.47125,-0.00038955
-4.47,-0.00038955
-4.46875,0.000945647
-4.4675,0.00261464
-4.46625,0.000611848
-4.465,-0.00105715
-4.46375,-0.00172475
-4.4625,-0.00105715
-4.46125,-0.000723349
-4.46,-0.00139095
-4.45875,-0.00272614
-4.4575,-0.00239234
-4.45625,-0.00205855
-4.455,-0.000723349
-4.45375,-0.00038955
-4.4525,-0.00038955
-4.45125,-0.00038955
-4.45,-0.000723349
-4.44875,0.000945647
-4.4475,0.00261464
-4.44625,0.000611848
-4.445,-0.00105715
-4.44375,-0.00172475
-4.4425,-0.00105715
-4.44125,-0.000723349
-4.44,-0.00139095
-4.43875,-0.00272614
-4.4375,-0.00272614
-4.43625,-0.00205855
-4.435,-0.000723349
-4.43375,-0.00038955
-4.4325,-0.00038955
-4.43125,-0.000723349
-4.43,-0.000723349
-4.42875,0.000945647
-4.4275,0.00261464
-4.42625,0.000278049
-4.425,-0.00139095
-4.42375,-0.00172475
-4.4225,-0.00105715
-4.42125,-0.000723349
-4.42,-0.00139095
-4.41875,-0.00272614
-4.4175,-0.00272614
-4.41625,-0.00205855
-4.415,-0.000723349
-4.41375,-0.00038955
-4.4125,-0.00038955
-4.41125,-0.00038955
-4.41,-0.00038955
-4.40875,0.000945647
-4.4075,0.00261464
-4.40625,0.000611848
-4.405,-0.00105715
-4.40375,-0.00172475
-4.4025,-0.00105715
-4.40125,-0.000723349
-4.4,-0.00139095
-4.39875,-0.00272614
-4.3975,-0.00272614
-4.39625,-0.00205855
-4.395,-0.000723349
-4.39375,-0.00038955
-4.3925,-0.00038955
-4.39125,-0.000723349
-4.39,-0.000723349
-4.38875,0.000945647
-4.3875,0.00261464
-4.38625,0.000611848
-4.385,-0.00139095
-4.38375,-0.00172475
-4.3825,-0.00105715
-4.38125,-0.000723349
-4.38,-0.00139095
-4.37875,-0.00272614
-4.3775,-0.00272614
-4.37625,-0.00205855
-4.375,-0.000723349
-4.37375,-0.00038955
-4.3725,-0.00038955
-4.37125,-0.000723349
-4.37,-0.000723349
-4.36875,0.000945647
-4.3675,0.00228084
-4.36625,0.000278049
-4.365,-0.00139095
-4.36375,-0.00172475
-4.3625,-0.00105715
-4.36125,-0.000723349
-4.36,-0.00139095
-4.35875,-0.00272614
-4.3575,-0.00272614
-4.35625,-0.00205855
-4.355,-0.000723349
-4.35375,-0.00038955
-4.3525,-0.00038955
-4.35125,-0.00038955
-4.35,-0.000723349
-4.34875,0.000945647
-4.3475,0.00228084
-4.34625,0.000278049
-4.345,-0.00139095
-4.34375,-0.00172475
-4.3425,-0.00105715
-4.34125,-0.000723349
-4.34,-0.00139095
-4.33875,-0.00272614
-4.3375,-0.00272614
-4.33625,-0.00205855
-4.335,-0.000723349
-4.33375,-0.00038955
-4.3325,-0.00038955
-4.33125,-0.000723349
-4.33,-0.000723349
-4.32875,0.000945647
-4.3275,0.00261464
-4.32625,0.000611848
-4.325,-0.00105715
-4.32375,-0.00172475
-4.3225,-0.00105715
-4.32125,-0.000723349
-4.32,-0.00139095
-4.31875,-0.00272614
-4.3175,-0.00272614
-4.31625,-0.00205855
-4.315,-0.000723349
-4.31375,-0.00038955
-4.3125,-0.00038955
-4.31125,-0.000723349
-4.31,-0.000723349
-4.30875,0.000945647
-4.3075,0.00228084
-4.30625,0.000611848
-4.305,-0.00139095
-4.30375,-0.00172475
-4.3025,-0.00139095
-4.30125,-0.000723349
-4.3,-0.00139095
-4.29875,-0.00272614
-4.2975,-0.00272614
-4.29625,-0.00205855
-4.295,-0.000723349
-4.29375,-0.00038955
-4.2925,-0.00038955
-4.29125,-0.000723349
-4.29,-0.000723349
-4.28875,0.000945647
-4.2875,0.00261464
-4.28625,0.000278049
-4.285,-0.00105715
-4.28375,-0.00172475
-4.2825,-0.00105715
-4.28125,-0.000723349
-4.28,-0.00139095
-4.27875,-0.00272614
-4.2775,-0.00272614
-4.27625,-0.00205855
-4.275,-0.000723349
-4.27375,-0.00038955
-4.2725,-0.00038955
-4.27125,-0.00038955
-4.27,-0.000723349
-4.26875,0.000945647
-4.2675,0.00261464
-4.26625,0.000611848
-4.265,-0.00139095
-4.26375,-0.00172475
-4.2625,-0.00139095
-4.26125,-0.000723349
-4.26,-0.00139095
-4.25875,-0.00272614
-4.2575,-0.00272614
-4.25625,-0.00205855
-4.255,-0.000723349
-4.25375,-0.00038955
-4.2525,-0.00038955
-4.25125,-0.000723349
-4.25,-0.000723349
-4.24875,0.000945647
-4.2475,0.00228084
-4.24625,0.000278049
-4.245,-0.00139095
-4.24375,-0.00172475
-4.2425,-0.00139095
-4.24125,-0.000723349
-4.24,-0.00139095
-4.23875,-0.00272614
-4.2375,-0.00272614
-4.23625,-0.00205855
-4.235,-0.000723349
-4.23375,-0.00038955
-4.2325,-0.00038955
-4.23125,-0.00038955
-4.23,-0.000723349
-4.22875,0.000945647
-4.2275,0.00261464
-4.22625,0.000278049
-4.225,-0.00139095
-4.22375,-0.00172475
-4.2225,-0.00139095
-4.22125,-0.000723349
-4.22,-0.00139095
-4.21875,-0.00272614
-4.2175,-0.00272614
-4.21625,-0.00205855
-4.215,-0.000723349
-4.21375,-0.00038955
-4.2125,-0.00038955
-4.21125,-0.000723349
-4.21,-0.000723349
-4.20875,0.000945647
-4.2075,0.00261464
-4.20625,0.000611848
-4.205,-0.00139095
-4.20375,-0.00172475
-4.2025,-0.00139095
-4.20125,-0.000723349
-4.2,-0.00139095
-4.19875,-0.00272614
-4.1975,-0.00272614
-4.19625,-0.00205855
-4.195,-0.000723349
-4.19375,-0.00038955
-4.1925,-0.00038955
-4.19125,-0.00038955
-4.19,-0.000723349
-4.18875,0.000945647
-4.1875,0.00228084
-4.18625,0.000611848
-4.185,-0.00139095
-4.18375,-0.00172475
-4.1825,-0.00139095
-4.18125,-0.000723349
-4.18,-0.00105715
-4.17875,-0.00272614
-4.1775,-0.00272614
-4.17625,-0.00205855
-4.175,-0.000723349
-4.17375,-0.00038955
-4.1725,-0.00038955
-4.17125,-0.000723349
-4.17,-0.000723349
-4.16875,0.000945647
-4.1675,0.00261464
-4.16625,0.000611848
-4.165,-0.00139095
-4.16375,-0.00172475
-4.1625,-0.00139095
-4.16125,-0.000723349
-4.16,-0.00139095
-4.15875,-0.00272614
-4.1575,-0.00272614
-4.15625,-0.00205855
-4.155,-0.000723349
-4.15375,-0.00038955
-4.1525,-0.00038955
-4.15125,-0.000723349
-4.15,-0.000723349
-4.14875,0.000945647
-4.1475,0.00228084
-4.14625,0.000611848
-4.145,-0.00139095
-4.14375,-0.00172475
-4.1425,-0.00139095
-4.14125,-0.000723349
-4.14,-0.00139095
-4.13875,-0.00272614
-4.1375,-0.00272614
-4.13625,-0.00205855
-4.135,-0.000723349
-4.13375,-0.00038955
-4.1325,-0.00038955
-4.13125,-0.00038955
-4.13,-0.000723349
-4.12875,0.000945647
-4.1275,0.00261464
-4.12625,0.000611848
-4.125,-0.00105715
-4.12375,-0.00172475
-4.1225,-0.00139095
-4.12125,-0.000723349
-4.12,-0.00105715
-4.11875,-0.00272614
-4.1175,-0.00272614
-4.11625,-0.00205855
-4.115,-0.000723349
-4.11375,-0.00038955
-4.1125,-0.00038955
-4.11125,-0.00038955
-4.11,-0.000723349
-4.10875,0.000945647
-4.1075,0.00261464
-4.10625,0.000611848
-4.105,-0.00105715
-4.10375,-0.00172475
-4.1025,-0.00105715
-4.10125,-0.000723349
-4.1,-0.00105715
-4.09875,-0.00272614
-4.0975,-0.00272614
-4.09625,-0.00205855
-4.095,-0.000723349
-4.09375,-0.00038955
-4.0925,-0.00038955
-4.09125,-0.00038955
-4.09,-0.000723349
-4.08875,0.000945647
-4.0875,0.00261464
-4.08625,0.000611848
-4.085,-0.00105715
-4.08375,-0.00172475
-4.0825,-0.00139095
-4.08125,-0.000723349
-4.08,-0.00105715
-4.07875,-0.00272614
-4.0775,-0.00272614
-4.07625,-0.00205855
-4.075,-0.000723349
-4.07375,0.00461744
-4.0725,0.179862
-4.07125,0.021975
-4.07,0.0273158
-4.06875,0.0790546
-4.0675,0.0329904
-4.06625,0.03032
-4.065,0.0283172
-4.06375,0.0283172
-4.0625,0.0276496
-4.06125,0.0276496
-4.06,0.0293186
-4.05875,0.026982
-4.0575,0.0293186
-4.05625,0.0313214
-4.055,0.0326566
-4.05375,0.0326566
-4.0525,0.031989
-4.05125,0.0306538
-4.05,0.0279834
-4.04875,0.0293186
-4.0475,0.0306538
-4.04625,0.0283172
-4.045,0.0266482
-4.04375,0.0256468
-4.0425,0.0339918
-4.04125,0.0456747
-4.04,0.0460085
-4.03875,0.0443395
-4.0375,0.0446733
-4.03625,0.0453409
-4.035,0.0466761
-4.03375,0.0473437
-4.0325,0.0470099
-4.03125,0.0470099
-4.03,0.0466761
-4.02875,0.0483451
-4.0275,0.0496803
-4.02625,0.0473437
-4.025,0.0456747
-4.02375,0.0453409
-4.0225,0.0456747
-4.02125,0.0463423
-4.02,0.0456747
-4.01875,0.0443395
-4.0175,0.0443395
-4.01625,0.0450071
-4.015,0.0466761
-4.01375,0.0473437
-4.0125,0.0470099
-4.01125,0.0470099
-4.01,0.0466761
-4.00875,0.0483451
-4.0075,0.0493465
-4.00625,0.0470099
-4.005,0.0453409
-4.00375,0.0446733
-4.0025,0.0453409
-4.00125,0.0453409
-4,0.0453409
-3.99875,0.0436719
-3.9975,0.0436719
-3.99625,0.0446733
-3.995,0.0460085
-3.99375,0.0470099
-3.9925,0.0470099
-3.99125,0.0470099
-3.99,0.0466761
-3.98875,0.0483451
-3.9875,0.0493465
-3.98625,0.0476775
-3.985,0.0456747
-3.98375,0.0450071
-3.9825,0.0453409
-3.98125,0.0463423
-3.98,0.0453409
-3.97875,0.0440057
-3.9775,0.0443395
-3.97625,0.0450071
-3.975,0.0463423
-3.97375,0.0470099
-3.9725,0.0466761
-3.97125,0.0470099
-3.97,0.0463423
-3.96875,0.0483451
-3.9675,0.0496803
-3.96625,0.0476775
-3.965,0.0456747
-3.96375,0.0450071
-3.9625,0.0456747
-3.96125,0.0460085
-3.96,0.0456747
-3.95875,0.0436719
-3.9575,0.0443395
-3.95625,0.0446733
-3.955,0.0466761
-3.95375,0.0470099
-3.9525,0.0470099
-3.95125,0.0466761
-3.95,0.0466761
-3.94875,0.0480113
-3.9475,0.0496803
-3.94625,0.0473437
-3.945,0.0456747
-3.94375,0.0450071
-3.9425,0.0453409
-3.94125,0.0460085
-3.94,0.0456747
-3.93875,0.0436719
-3.9375,0.0443395
-3.93625,0.0446733
-3.935,0.0463423
-3.93375,0.0466761
-3.9325,0.0466761
-3.93125,0.0466761
-3.93,0.0463423
-3.92875,0.0480113
-3.9275,0.0493465
-3.92625,0.0473437
-3.925,0.0453409
-3.92375,0.0450071
-3.9225,0.0453409
-3.92125,0.0460085
-3.92,0.0456747
-3.91875,0.0440057
-3.9175,0.0440057
-3.91625,0.0450071
-3.915,0.0463423
-3.91375,0.0470099
-3.9125,0.0466761
-3.91125,0.0466761
-3.91,0.0463423
-3.90875,0.0480113
-3.9075,0.0493465
-3.90625,0.0473437
-3.905,0.0456747
-3.90375,0.0446733
-3.9025,0.0453409
-3.90125,0.0456747
-3.9,0.0453409
-3.89875,0.0436719
-3.8975,0.0440057
-3.89625,0.0446733
-3.895,0.0463423
-3.89375,0.0466761
-3.8925,0.0466761
-3.89125,0.0463423
-3.89,0.0463423
-3.88875,0.0476775
-3.8875,0.0493465
-3.88625,0.0470099
-3.885,0.0453409
-3.88375,0.0446733
-3.8825,0.0453409
-3.88125,0.0456747
-3.88,0.0453409
-3.87875,0.0436719
-3.8775,0.0440057
-3.87625,0.0446733
-3.875,0.0460085
-3.87375,0.0466761
-3.8725,0.0466761
-3.87125,0.0466761
-3.87,0.0463423
-3.86875,0.0480113
-3.8675,0.0490127
-3.86625,0.0473437
-3.865,0.0453409
-3.86375,0.0450071
-3.8625,0.0450071
-3.86125,0.0460085
-3.86,0.0453409
-3.85875,0.0436719
-3.8575,0.0440057
-3.85625,0.0446733
-3.855,0.0460085
-3.85375,0.0466761
-3.8525,0.0466761
-3.85125,0.0466761
-3.85,0.0466761
-3.84875,0.0480113
-3.8475,0.0493465
-3.84625,0.0473437
-3.845,0.0453409
-3.84375,0.0446733
-3.8425,0.0453409
-3.84125,0.0460085
-3.84,0.0456747
-3.83875,0.0436719
-3.8375,0.0440057
-3.83625,0.0446733
-3.835,0.0463423
-3.83375,0.0463423
-3.8325,0.0466761
-3.83125,0.0463423
-3.83,0.0463423
-3.82875,0.0476775
-3.8275,0.0493465
-3.82625,0.0470099
-3.825,0.0453409
-3.82375,0.0446733
-3.8225,0.0453409
-3.82125,0.0456747
-3.82,0.0456747
-3.81875,0.0436719
-3.8175,0.0440057
-3.81625,0.0446733
-3.815,0.0460085
-3.81375,0.0466761
-3.8125,0.0463423
-3.81125,0.0460085
-3.81,0.0460085
-3.80875,0.0473437
-3.8075,0.0490127
-3.80625,0.0470099
-3.805,0.0450071
-3.80375,0.0443395
-3.8025,0.0450071
-3.80125,0.0453409
-3.8,0.0450071
-3.79875,0.0433381
-3.7975,0.0436719
-3.79625,0.0443395
-3.795,0.0456747
-3.79375,0.0463423
-3.7925,0.0463423
-3.79125,0.0460085
-3.79,0.0460085
-3.78875,0.0473437
-3.7875,0.0490127
-3.78625,0.0470099
-3.785,0.0450071
-3.78375,0.0443395
-3.7825,0.0450071
-3.78125,0.0453409
-3.78,0.0450071
-3.77875,0.0433381
-3.7775,0.0436719
-3.77625,0.0443395
-3.775,0.0456747
-3.77375,0.0463423
-3.7725,0.0456747
-3.77125,0.0446733
-3.77,0.0443395
-3.76875,0.0456747
-3.7675,0.0470099
-3.76625,0.0450071
-3.765,0.0433381
-3.76375,0.0426705
-3.7625,0.0430043
-3.76125,0.0436719
-3.76,0.0433381
-3.75875,0.0416691
-3.7575,0.0426705
-3.75625,0.0410015
-3.755,0.0403339
-3.75375,0.0396663
-3.7525,0.0396663
-3.75125,0.0396663
-3.75,0.0396663
-3.74875,0.0410015
-3.7475,0.0516831
-3.74625,0.0553549
-3.745,0.0570239
-3.74375,0.0576915
-3.7425,0.0600281
-3.74125,0.0603619
-3.74,0.0610295
-3.73875,0.0596943
-3.7375,0.0600281
-3.73625,0.0563563
-3.735,0.0546873
-3.73375,0.0626985
-3.7325,0.0630323
-3.73125,0.0633661
-3.73,0.0563563
-3.72875,0.0623647
-3.7275,0.0586929
-3.72625,0.0530183
-3.725,0.0576915
-3.72375,0.0580253
-3.7225,0.0613633
-3.72125,0.0687069
-3.72,0.0847292
-3.71875,0.0947432
-3.7175,0.095077
-3.71625,0.0960784
-3.715,0.096746
-3.71375,0.0974136
-3.7125,0.0974136
-3.71125,0.0977474
-3.71,0.0970798
-3.70875,0.0987488
-3.7075,0.100418
-3.70625,0.098415
-3.705,0.096746
-3.70375,0.0957446
-3.7025,0.0960784
-3.70125,0.0970798
-3.7,0.0970798
-3.69875,0.095077
-3.6975,0.095077
-3.69625,0.0957446
-3.695,0.0970798
-3.69375,0.0980812
-3.6925,0.0977474
-3.69125,0.0977474
-3.69,0.0970798
-3.68875,0.0987488
-3.6875,0.100418
-3.68625,0.0977474
-3.685,0.125453
-3.68375,0.304703
-3.6825,0.330739
-3.68125,0.298361
-3.68,0.196886
-3.67875,0.127122
-3.6775,0.128791
-3.67625,0.129458
-3.675,0.111767
-3.67375,0.114437
-3.6725,0.114104
-3.67125,0.0406677
-3.67,0.0299862
-3.66875,0.0316552
-3.6675,0.0329904
-3.66625,0.0313214
-3.665,0.0296524
-3.66375,0.0289848
-3.6625,0.0293186
-3.66125,0.0299862
-3.66,0.0309876
-3.65875,0.0279834
-3.6575,0.0313214
-3.65625,0.031989
-3.655,0.0326566
-3.65375,0.0323228
-3.6525,0.0326566
-3.65125,0.0309876
-3.65,0.0289848
-3.64875,0.0306538
-3.6475,0.031989
-3.64625,0.03032
-3.645,0.028651
-3.64375,0.0279834
-3.6425,0.0677055
-3.64125,0.0730463
-3.64,0.0730463
-3.63875,0.0710435
-3.6375,0.0713773
-3.63625,0.0717111
-3.635,0.0733801
-3.63375,0.0737139
-3.6325,0.0740477
-3.63125,0.0737139
-3.63,0.0733801
-3.62875,0.0750491
-3.6275,0.0767181
-3.62625,0.0743815
-3.625,0.0730463
-3.62375,0.0723787
-3.6225,0.0727125
-3.62125,0.0733801
-3.62,0.0730463
-3.61875,0.0710435
-3.6175,0.0710435
-3.61625,0.0720449
-3.615,0.0733801
-3.61375,0.0740477
-3.6125,0.0737139
-3.61125,0.0737139
-3.61,0.0733801
-3.60875,0.0750491
-3.6075,0.0763843
-3.60625,0.0743815
-3.605,0.0723787
-3.60375,0.0720449
-3.6025,0.0720449
-3.60125,0.0727125
-3.6,0.0723787
-3.59875,0.0707097
-3.5975,0.0707097
-3.59625,0.0717111
-3.595,0.0727125
-3.59375,0.0737139
-3.5925,0.0737139
-3.59125,0.0737139
-3.59,0.0733801
-3.58875,0.0747153
-3.5875,0.0767181
-3.58625,0.0747153
-3.585,0.0730463
-3.58375,0.0720449
-3.5825,0.0727125
-3.58125,0.0733801
-3.58,0.0730463
-3.57875,0.0713773
-3.5775,0.0710435
-3.57625,0.0720449
-3.575,0.0730463
-3.57375,0.0737139
-3.5725,0.0737139
-3.57125,0.0737139
-3.57,0.0733801
-3.56875,0.0750491
-3.5675,0.0763843
-3.56625,0.0747153
-3.565,0.0727125
-3.56375,0.0723787
-3.5625,0.0723787
-3.56125,0.0733801
-3.56,0.0727125
-3.55875,0.0713773
-3.5575,0.0710435
-3.55625,0.0720449
-3.555,0.0733801
-3.55375,0.0737139
-3.5525,0.0737139
-3.55125,0.0737139
-3.55,0.0733801
-3.54875,0.0747153
-3.5475,0.0767181
-3.54625,0.0747153
-3.545,0.0730463
-3.54375,0.0720449
-3.5425,0.0727125
-3.54125,0.0730463
-3.54,0.0730463
-3.53875,0.0710435
-3.5375,0.0713773
-3.53625,0.0717111
-3.535,0.0733801
-3.53375,0.0737139
-3.5325,0.0740477
-3.53125,0.0737139
-3.53,0.0737139
-3.52875,0.0747153
-3.5275,0.0767181
-3.52625,0.0747153
-3.525,0.0730463
-3.52375,0.0723787
-3.5225,0.0727125
-3.52125,0.0733801
-3.52,0.0730463
-3.51875,0.0713773
-3.5175,0.0713773
-3.51625,0.0720449
-3.515,0.0730463
-3.51375,0.0740477
-3.5125,0.0737139
-3.51125,0.0737139
-3.51,0.0733801
-3.50875,0.0750491
-3.5075,0.0763843
-3.50625,0.0750491
-3.505,0.0727125
-3.50375,0.0723787
-3.5025,0.0723787
-3.50125,0.0733801
-3.5,0.0727125
-3.49875,0.0710435
-3.4975,0.0710435
-3.49625,0.0720449
-3.495,0.0730463
-3.49375,0.0737139
-3.4925,0.0737139
-3.49125,0.0737139
-3.49,0.0733801
-3.48875,0.0750491
-3.4875,0.0767181
-3.48625,0.0747153
-3.485,0.0730463
-3.48375,0.0720449
-3.4825,0.0727125
-3.48125,0.0730463
-3.48,0.0730463
-3.47875,0.0710435
-3.4775,0.0713773
-3.47625,0.0717111
-3.475,0.0733801
-3.47375,0.0737139
-3.4725,0.0740477
-3.47125,0.0737139
-3.47,0.0733801
-3.46875,0.0750491
-3.4675,0.0767181
-3.46625,0.0747153
-3.465,0.0727125
-3.46375,0.0720449
-3.4625,0.0723787
-3.46125,0.0733801
-3.46,0.0730463
-3.45875,0.0710435
-3.4575,0.0710435
-3.45625,0.0720449
-3.455,0.0730463
-3.45375,0.0737139
-3.4525,0.0737139
-3.45125,0.0737139
-3.45,0.0733801
-3.44875,0.0750491
-3.4475,0.0763843
-3.44625,0.0747153
-3.445,0.0727125
-3.44375,0.0720449
-3.4425,0.0723787
-3.44125,0.0733801
-3.44,0.0727125
-3.43875,0.0710435
-3.4375,0.0710435
-3.43625,0.0720449
-3.435,0.0730463
-3.43375,0.0737139
-3.4325,0.0737139
-3.43125,0.0733801
-3.43,0.0733801
-3.42875,0.0750491
-3.4275,0.0767181
-3.42625,0.0747153
-3.425,0.0730463
-3.42375,0.0720449
-3.4225,0.0727125
-3.42125,0.0730463
-3.42,0.0730463
-3.41875,0.0710435
-3.4175,0.0713773
-3.41625,0.0717111
-3.415,0.0733801
-3.41375,0.0737139
-3.4125,0.0737139
-3.41125,0.0730463
-3.41,0.0730463
-3.40875,0.0743815
-3.4075,0.0760505
-3.40625,0.0743815
-3.405,0.0727125
-3.40375,0.0717111
-3.4025,0.0720449
-3.40125,0.0730463
-3.4,0.0727125
-3.39875,0.0707097
-3.3975,0.0710435
-3.39625,0.0717111
-3.395,0.0730463
-3.39375,0.0733801
-3.3925,0.0733801
-3.39125,0.0733801
-3.39,0.0730463
-3.38875,0.0743815
-3.3875,0.0760505
-3.38625,0.0743815
-3.385,0.0723787
-3.38375,0.0717111
-3.3825,0.0723787
-3.38125,0.0730463
-3.38,0.0727125
-3.37875,0.0707097
-3.3775,0.0707097
-3.37625,0.0717111
-3.375,0.0727125
-3.37375,0.0733801
-3.3725,0.0723787
-3.37125,0.0717111
-3.37,0.0713773
-3.36875,0.0727125
-3.3675,0.0743815
-3.36625,0.0727125
-3.365,0.0707097
-3.36375,0.0703759
-3.3625,0.0703759
-3.36125,0.0710435
-3.36,0.0707097
-3.35875,0.0693745
-3.3575,0.0687069
-3.35625,0.0683731
-3.355,0.0693745
-3.35375,0.0703759
-3.3525,0.0700421
-3.35125,0.0700421
-3.35,0.0700421
-3.34875,0.0713773
-3.3475,0.0937418
-3.34625,0.091739
-3.345,0.0937418
-3.34375,0.0957446
-3.3425,0.0964122
-3.34125,0.0970798
-3.34,0.0974136
-3.33875,0.0957446
-3.3375,0.0960784
-3.33625,0.0904038
-3.335,0.0920728
-3.33375,0.0997502
-3.3325,0.0990826
-3.33125,0.0964122
-3.33,0.0947432
-3.32875,0.096746
-3.3275,0.0954108
-3.32625,0.0890686
-3.325,0.0907376
-3.32375,0.0910714
-3.3225,0.0944094
-3.32125,0.0957446
-3.32,0.0960784
-3.31875,0.0960784
-3.3175,0.0960784
-3.31625,0.0970798
-3.315,0.0977474
-3.31375,0.098415
-3.3125,0.0987488
-3.31125,0.0987488
-3.31,0.0980812
-3.30875,0.0997502
-3.3075,0.101085
-3.30625,0.0994164
-3.305,0.0977474
-3.30375,0.096746
-3.3025,0.0970798
-3.30125,0.098415
-3.3,0.0977474
-3.29875,0.0960784
-3.2975,0.0960784
-3.29625,0.096746
-3.295,0.0980812
-3.29375,0.0987488
-3.2925,0.0987488
-3.29125,0.098415
-3.29,0.0977474
-3.28875,0.0997502
-3.2875,0.101419
-3.28625,0.0964122
-3.285,0.160835
-3.28375,0.246622
-3.2825,0.251295
-3.28125,0.247623
-3.28,0.256302
-3.27875,0.248958
-3.2775,0.248958
-3.27625,0.253965
-3.275,0.230266
-3.27375,0.251629
-3.2725,0.271323
-3.27125,0.267317
-3.27,0.290016
-3.26875,0.316386
-3.2675,0.30971
-3.26625,0.30971
-3.265,0.310377
-3.26375,0.292352
-3.2625,0.320058
-3.26125,0.320725
-3.26,0.272324
-3.25875,0.321393
-3.2575,0.321393
-3.25625,0.310377
-3.255,0.318055
-3.25375,0.314049
-3.2525,0.313382
-3.25125,0.316386
-3.25,0.280002
-3.24875,0.200224
-3.2475,0.128791
-3.24625,0.129458
-3.245,0.153158
-3.24375,0.232602
-3.2425,0.200558
-3.24125,0.185203
-3.24,0.18053
-3.23875,0.126788
-3.2375,0.126454
-3.23625,0.128457
-3.235,0.129458
-3.23375,0.132129
-3.2325,0.132463
-3.23125,0.131795
-3.23,0.134132
-3.22875,0.137136
-3.2275,0.138805
-3.22625,0.137136
-3.225,0.135133
-3.22375,0.134465
-3.2225,0.134799
-3.22125,0.135467
-3.22,0.135133
-3.21875,0.133798
-3.2175,0.133464
-3.21625,0.134132
-3.215,0.135467
-3.21375,0.136468
-3.2125,0.135801
-3.21125,0.136134
-3.21,0.135801
-3.20875,0.137136
-3.2075,0.138805
-3.20625,0.137136
-3.205,0.135133
-3.20375,0.134465
-3.2025,0.134465
-3.20125,0.135467
-3.2,0.135133
-3.19875,0.133464
-3.1975,0.133798
-3.19625,0.133798
-3.195,0.135133
-3.19375,0.135801
-3.1925,0.135801
-3.19125,0.135801
-3.19,0.135467
-3.18875,0.136802
-3.1875,0.138471
-3.18625,0.136802
-3.185,0.135133
-3.18375,0.134132
-3.1825,0.135467
-3.18125,0.138805
-3.18,0.144145
-3.17875,0.141809
-3.1775,0.142476
-3.17625,0.144479
-3.175,0.14715
-3.17375,0.147817
-3.1725,0.147817
-3.17125,0.147483
-3.17,0.14715
-3.16875,0.148485
-3.1675,0.14982
-3.16625,0.148485
-3.165,0.146482
-3.16375,0.145814
-3.1625,0.146148
-3.16125,0.146816
-3.16,0.146482
-3.15875,0.141141
-3.1575,0.140807
-3.15625,0.141809
-3.155,0.143144
-3.15375,0.143812
-3.1525,0.143812
-3.15125,0.143812
-3.15,0.143478
-3.14875,0.144813
-3.1475,0.146482
-3.14625,0.144813
-3.145,0.143144
-3.14375,0.142143
-3.1425,0.142476
-3.14125,0.143478
-3.14,0.143144
-3.13875,0.141475
-3.1375,0.141475
-3.13625,0.142143
-3.135,0.145147
-3.13375,0.147817
-3.1325,0.147817
-3.13125,0.147483
-3.13,0.147483
-3.12875,0.148819
-3.1275,0.150488
-3.12625,0.148485
-3.125,0.146816
-3.12375,0.146148
-3.1225,0.146148
-3.12125,0.14715
-3.12,0.146816
-3.11875,0.144813
-3.1175,0.144813
-3.11625,0.145481
-3.115,0.145147
-3.11375,0.146148
-3.1125,0.145814
-3.11125,0.145814
-3.11,0.143812
-3.10875,0.137803
-3.1075,0.14014
-3.10625,0.139472
-3.105,0.136468
-3.10375,0.210905
-3.1025,0.119444
-3.10125,0.134465
-3.1,0.160168
-3.09875,0.129792
-3.0975,0.121113
-3.09625,0.122115
-3.095,0.123116
-3.09375,0.123784
-3.0925,0.123784
-3.09125,0.123784
-3.09,0.123784
-3.08875,0.124118
-3.0875,0.12345
-3.08625,0.124785
-3.085,0.127456
-3.08375,0.122782
-3.0825,0.123116
-3.08125,0.123784
-3.08,0.123784
-3.07875,0.121781
-3.0775,0.121781
-3.07625,0.122449
-3.075,0.123784
-3.07375,0.124118
-3.0725,0.124118
-3.07125,0.124118
-3.07,0.124118
-3.06875,0.125119
-3.0675,0.126454
-3.06625,0.124785
-3.065,0.123116
-3.06375,0.122115
-3.0625,0.122449
-3.06125,0.123116
-3.06,0.123116
-3.05875,0.121113
-3.0575,0.121113
-3.05625,0.121781
-3.055,0.123116
-3.05375,0.123784
-3.0525,0.123784
-3.05125,0.12345
-3.05,0.12345
-3.04875,0.124785
-3.0475,0.126454
-3.04625,0.124785
-3.045,0.123116
-3.04375,0.122115
-3.0425,0.122449
-3.04125,0.123116
-3.04,0.123116
-3.03875,0.121113
-3.0375,0.120446
-3.03625,0.119111
-3.035,0.124118
-3.03375,0.124118
-3.0325,0.123784
-3.03125,0.123784
-3.03,0.12345
-3.02875,0.124785
-3.0275,0.126454
-3.02625,0.124785
-3.025,0.123116
-3.02375,0.122115
-3.0225,0.122449
-3.02125,0.12345
-3.02,0.123116
-3.01875,0.121113
-3.0175,0.121113
-3.01625,0.121781
-3.015,0.123116
-3.01375,0.123784
-3.0125,0.123784
-3.01125,0.123784
-3.01,0.12345
-3.00875,0.124785
-3.0075,0.126454
-3.00625,0.128457
-3.005,0.123116
-3.00375,0.122449
-3.0025,0.122449
-3.00125,0.12345
-3,0.12345
-2.99875,0.121447
-2.9975,0.121447
-2.99625,0.122115
-2.995,0.123116
-2.99375,0.123784
-2.9925,0.123784
-2.99125,0.123784
-2.99,0.12345
-2.98875,0.124785
-2.9875,0.126454
-2.98625,0.124118
-2.985,0.120112
-2.98375,0.13313
-2.9825,0.19021
-2.98125,0.16918
-2.98,0.259306
-2.97875,0.127456
-2.9775,0.158165
-2.97625,0.128791
-2.975,0.16918
-2.97375,0.141141
-2.9725,0.24996
-2.97125,0.178527
-2.97,0.12078
-2.96875,0.164841
-2.9675,0.143478
-2.96625,0.224925
-2.965,0.187206
-2.96375,0.137803
-2.9625,0.142143
-2.96125,0.14014
-2.96,0.137136
-2.95875,0.152157
-2.9575,0.275662
-2.95625,0.272324
-2.955,0.205565
-2.95375,0.123784
-2.9525,0.123784
-2.95125,0.123784
-2.95,0.123116
-2.94875,0.125119
-2.9475,0.126788
-2.94625,0.125119
-2.945,0.12345
-2.94375,0.122449
-2.9425,0.122782
-2.94125,0.12345
-2.94,0.12345
-2.93875,0.121447
-2.9375,0.121447
-2.93625,0.122115
-2.935,0.122449
-2.93375,0.12078
-2.9325,0.121781
-2.93125,0.12345
-2.93,0.12345
-2.92875,0.168513
-2.9275,0.143812
-2.92625,0.132796
-2.925,0.122782
-2.92375,0.122115
-2.9225,0.122449
-2.92125,0.123116
-2.92,0.122782
-2.91875,0.121447
-2.9175,0.121447
-2.91625,0.122115
-2.915,0.12345
-2.91375,0.124118
-2.9125,0.123784
-2.91125,0.123784
-2.91,0.123784
-2.90875,0.125119
-2.9075,0.126788
-2.90625,0.127122
-2.905,0.123116
-2.90375,0.122449
-2.9025,0.122449
-2.90125,0.12345
-2.9,0.123116
-2.89875,0.121113
-2.8975,0.121113
-2.89625,0.121781
-2.895,0.123116
-2.89375,0.123784
-2.8925,0.123784
-2.89125,0.12345
-2.89,0.12345
-2.88875,0.125787
-2.8875,0.126454
-2.88625,0.124785
-2.885,0.123116
-2.88375,0.121113
-2.8825,0.119444
-2.88125,0.125119
-2.88,0.132463
-2.87875,0.12078
-2.8775,0.12078
-2.87625,0.132129
-2.875,0.0897362
-2.87375,0.0486789
-2.8725,0.0486789
-2.87125,0.0486789
-2.87,0.0486789
-2.86875,0.0496803
-2.8675,0.0513493
-2.86625,0.0500141
-2.865,0.0483451
-2.86375,0.0473437
-2.8625,0.0473437
-2.86125,0.0483451
-2.86,0.0483451
-2.85875,0.0463423
-2.8575,0.0463423
-2.85625,0.0470099
-2.855,0.0480113
-2.85375,0.0486789
-2.8525,0.0503479
-2.85125,0.0486789
-2.85,0.0486789
-2.84875,0.0496803
-2.8475,0.0513493
-2.84625,0.0500141
-2.845,0.0483451
-2.84375,0.0473437
-2.8425,0.0473437
-2.84125,0.0483451
-2.84,0.0480113
-2.83875,0.0463423
-2.8375,0.0463423
-2.83625,0.0470099
-2.835,0.0480113
-2.83375,0.0486789
-2.8325,0.0486789
-2.83125,0.0486789
-2.83,0.0486789
-2.82875,0.0496803
-2.8275,0.0513493
-2.82625,0.0500141
-2.825,0.0483451
-2.82375,0.0473437
-2.8225,0.0473437
-2.82125,0.0483451
-2.82,0.0480113
-2.81875,0.0463423
-2.8175,0.0463423
-2.81625,0.0470099
-2.815,0.0480113
-2.81375,0.0486789
-2.8125,0.0486789
-2.81125,0.0486789
-2.81,0.0486789
-2.80875,0.0496803
-2.8075,0.0513493
-2.80625,0.0520169
-2.805,0.0483451
-2.80375,0.0473437
-2.8025,0.0473437
-2.80125,0.0483451
-2.8,0.0480113
-2.79875,0.0463423
-2.7975,0.0463423
-2.79625,0.0470099
-2.795,0.0480113
-2.79375,0.0486789
-2.7925,0.0486789
-2.79125,0.0486789
-2.79,0.0486789
-2.78875,0.0506817
-2.7875,0.0516831
-2.78625,0.0500141
-2.785,0.0480113
-2.78375,0.0783871
-2.7825,0.122115
-2.78125,0.121781
-2.78,0.120112
-2.77875,0.124785
-2.7775,0.0603619
-2.77625,0.0496803
-2.775,0.0480113
-2.77375,0.0486789
-2.7725,0.0486789
-2.77125,0.0486789
-2.77,0.0486789
-2.76875,0.0496803
-2.7675,0.0513493
-2.76625,0.0500141
-2.765,0.0483451
-2.76375,0.0473437
-2.7625,0.0473437
-2.76125,0.0483451
-2.76,0.0480113
-2.75875,0.0463423
-2.7575,0.0463423
-2.75625,0.0470099
-2.755,0.0480113
-2.75375,0.0486789
-2.7525,0.0486789
-2.75125,0.0486789
-2.75,0.0486789
-2.74875,0.0496803
-2.7475,0.0513493
-2.74625,0.0500141
-2.745,0.0480113
-2.74375,0.0473437
-2.7425,0.0473437
-2.74125,0.0483451
-2.74,0.0480113
-2.73875,0.0463423
-2.7375,0.0463423
-2.73625,0.0470099
-2.735,0.0480113
-2.73375,0.0486789
-2.7325,0.0490127
-2.73125,0.0486789
-2.73,0.0486789
-2.72875,0.0496803
-2.7275,0.0513493
-2.72625,0.0500141
-2.725,0.0483451
-2.72375,0.0473437
-2.7225,0.0473437
-2.72125,0.0483451
-2.72,0.0483451
-2.71875,0.0463423
-2.7175,0.0463423
-2.71625,0.0470099
-2.715,0.0480113
-2.71375,0.0486789
-2.7125,0.0486789
-2.71125,0.0486789
-2.71,0.0486789
-2.70875,0.0496803
-2.7075,0.0513493
-2.70625,0.0526845
-2.705,0.0483451
-2.70375,0.0473437
-2.7025,0.0473437
-2.70125,0.0483451
-2.7,0.0483451
-2.69875,0.0463423
-2.6975,0.0463423
-2.69625,0.0470099
-2.695,0.0480113
-2.69375,0.0490127
-2.6925,0.0490127
-2.69125,0.0486789
-2.69,0.0486789
-2.68875,0.0506817
-2.6875,0.0516831
-2.68625,0.0500141
-2.685,0.0483451
-2.68375,0.0473437
-2.6825,0.0483451
-2.68125,0.0924066
-2.68,0.122782
-2.67875,0.119444
-2.6775,0.118109
-2.67625,0.121781
-2.675,0.0576915
-2.67375,0.0486789
-2.6725,0.0486789
-2.67125,0.0486789
-2.67,0.0486789
-2.66875,0.0496803
-2.6675,0.0513493
-2.66625,0.0500141
-2.665,0.0483451
-2.66375,0.0473437
-2.6625,0.0473437
-2.66125,0.0483451
-2.66,0.0480113
-2.65875,0.0463423
-2.6575,0.0460085
-2.65625,0.0470099
-2.655,0.0480113
-2.65375,0.0486789
-2.6525,0.0486789
-2.65125,0.0486789
-2.65,0.0486789
-2.64875,0.0496803
-2.6475,0.0513493
-2.64625,0.0500141
-2.645,0.0483451
-2.64375,0.0473437
-2.6425,0.0473437
-2.64125,0.0483451
-2.64,0.0483451
-2.63875,0.0463423
-2.6375,0.0460085
-2.63625,0.0470099
-2.635,0.0480113
-2.63375,0.0486789
-2.6325,0.0490127
-2.63125,0.0486789
-2.63,0.0486789
-2.62875,0.0496803
-2.6275,0.0513493
-2.62625,0.0500141
-2.625,0.0483451
-2.62375,0.0473437
-2.6225,0.0473437
-2.62125,0.0483451
-2.62,0.0483451
-2.61875,0.0463423
-2.6175,0.0460085
-2.61625,0.0470099
-2.615,0.0480113
-2.61375,0.0490127
-2.6125,0.0486789
-2.61125,0.0486789
-2.61,0.0486789
-2.60875,0.0496803
-2.6075,0.0516831
-2.60625,0.0520169
-2.605,0.0493465
-2.60375,0.0473437
-2.6025,0.0473437
-2.60125,0.0483451
-2.6,0.0483451
-2.59875,0.0463423
-2.5975,0.0463423
-2.59625,0.0470099
-2.595,0.0480113
-2.59375,0.0486789
-2.5925,0.0486789
-2.59125,0.0486789
-2.59,0.0483451
-2.58875,0.0503479
-2.5875,0.0516831
-2.58625,0.0500141
-2.585,0.0483451
-2.58375,0.0473437
-2.5825,0.0473437
-2.58125,0.0483451
-2.58,0.0500141
-2.57875,0.095077
-2.5775,0.12078
-2.57625,0.119778
-2.575,0.119444
-2.57375,0.117442
-2.5725,0.0576915
-2.57125,0.0486789
-2.57,0.0483451
-2.56875,0.0496803
-2.5675,0.0513493
-2.56625,0.0500141
-2.565,0.0480113
-2.56375,0.0473437
-2.5625,0.0473437
-2.56125,0.0483451
-2.56,0.0480113
-2.55875,0.0460085
-2.5575,0.0460085
-2.55625,0.0466761
-2.555,0.0480113
-2.55375,0.0486789
-2.5525,0.0486789
-2.55125,0.0486789
-2.55,0.0483451
-2.54875,0.0496803
-2.5475,0.0513493
-2.54625,0.0500141
-2.545,0.0483451
-2.54375,0.0473437
-2.5425,0.0473437
-2.54125,0.0483451
-2.54,0.0483451
-2.53875,0.0463423
-2.5375,0.0460085
-2.53625,0.0470099
-2.535,0.0480113
-2.53375,0.0486789
-2.5325,0.0486789
-2.53125,0.0486789
-2.53,0.0483451
-2.52875,0.0496803
-2.5275,0.0513493
-2.52625,0.0500141
-2.525,0.0483451
-2.52375,0.0470099
-2.5225,0.0473437
-2.52125,0.0483451
-2.52,0.0480113
-2.51875,0.0463423
-2.5175,0.0460085
-2.51625,0.0466761
-2.515,0.0480113
-2.51375,0.0486789
-2.5125,0.0486789
-2.51125,0.0486789
-2.51,0.0483451
-2.50875,0.0496803
-2.5075,0.0513493
-2.50625,0.0520169
-2.505,0.0480113
-2.50375,0.0470099
-2.5025,0.0473437
-2.50125,0.0483451
-2.5,0.0480113
-2.49875,0.0463423
-2.4975,0.0460085
-2.49625,0.0470099
-2.495,0.0480113
-2.49375,0.0486789
-2.4925,0.0486789
-2.49125,0.0486789
-2.49,0.0486789
-2.48875,0.0503479
-2.4875,0.0513493
-2.48625,0.0500141
-2.485,0.0480113
-2.48375,0.0473437
-2.4825,0.0473437
-2.48125,0.0483451
-2.48,0.0483451
-2.47875,0.0463423
-2.4775,0.0490127
-2.47625,0.101753
-2.475,0.123116
-2.47375,0.119444
-2.4725,0.117108
-2.47125,0.128123
-2.47,0.10943
-2.46875,0.0543535
-2.4675,0.0513493
-2.46625,0.0500141
-2.465,0.0483451
-2.46375,0.0473437
-2.4625,0.0473437
-2.46125,0.0483451
-2.46,0.0483451
-2.45875,0.0463423
-2.4575,0.0460085
-2.45625,0.0470099
-2.455,0.0480113
-2.45375,0.0486789
-2.4525,0.0486789
-2.45125,0.0486789
-2.45,0.0486789
-2.44875,0.0496803
-2.4475,0.0513493
-2.44625,0.0500141
-2.445,0.0483451
-2.44375,0.0473437
-2.4425,0.0473437
-2.44125,0.0483451
-2.44,0.0480113
-2.43875,0.0463423
-2.4375,0.0460085
-2.43625,0.0470099
-2.435,0.0480113
-2.43375,0.0486789
-2.4325,0.0486789
-2.43125,0.0486789
-2.43,0.0486789
-2.42875,0.0496803
-2.4275,0.0513493
-2.42625,0.0500141
-2.425,0.0480113
-2.42375,0.0473437
-2.4225,0.0473437
-2.42125,0.0483451
-2.42,0.0480113
-2.41875,0.0463423
-2.4175,0.0460085
-2.41625,0.0470099
-2.415,0.0480113
-2.41375,0.0486789
-2.4125,0.0486789
-2.41125,0.0486789
-2.41,0.0483451
-2.40875,0.0496803
-2.4075,0.0513493
-2.40625,0.0513493
-2.405,0.0480113
-2.40375,0.0473437
-2.4025,0.0473437
-2.40125,0.0483451
-2.4,0.0480113
-2.39875,0.0460085
-2.3975,0.0463423
-2.39625,0.0470099
-2.395,0.0480113
-2.39375,0.0486789
-2.3925,0.0486789
-2.39125,0.0486789
-2.39,0.0486789
-2.38875,0.0503479
-2.3875,0.0513493
-2.38625,0.0500141
-2.385,0.0483451
-2.38375,0.0473437
-2.3825,0.0473437
-2.38125,0.0483451
-2.38,0.0483451
-2.37875,0.0463423
-2.3775,0.0463423
-2.37625,0.0470099
-2.375,0.0536859
-2.37375,0.107094
-2.3725,0.12345
-2.37125,0.121447
-2.37,0.12078
-2.36875,0.106092
-2.3675,0.0590267
-2.36625,0.0500141
-2.365,0.0483451
-2.36375,0.0473437
-2.3625,0.0473437
-2.36125,0.0483451
-2.36,0.0483451
-2.35875,0.0463423
-2.3575,0.0463423
-2.35625,0.0470099
-2.355,0.0480113
-2.35375,0.0486789
-2.3525,0.0486789
-2.35125,0.0486789
-2.35,0.0486789
-2.34875,0.0496803
-2.3475,0.0513493
-2.34625,0.0500141
-2.345,0.0483451
-2.34375,0.0473437
-2.3425,0.0473437
-2.34125,0.0483451
-2.34,0.0483451
-2.33875,0.0463423
-2.3375,0.0463423
-2.33625,0.0470099
-2.335,0.0476775
-2.33375,0.0486789
-2.3325,0.0486789
-2.33125,0.0486789
-2.33,0.0483451
-2.32875,0.0496803
-2.3275,0.0513493
-2.32625,0.0500141
-2.325,0.0483451
-2.32375,0.0473437
-2.3225,0.0473437
-2.32125,0.0483451
-2.32,0.0483451
-2.31875,0.0463423
-2.3175,0.0460085
-2.31625,0.0470099
-2.315,0.0480113
-2.31375,0.0486789
-2.3125,0.0486789
-2.31125,0.0486789
-2.31,0.0483451
-2.30875,0.0493465
-2.3075,0.0513493
-2.30625,0.0523507
-2.305,0.0483451
-2.30375,0.0473437
-2.3025,0.0473437
-2.30125,0.0483451
-2.3,0.0480113
-2.29875,0.0463423
-2.2975,0.0463423
-2.29625,0.0470099
-2.295,0.0480113
-2.29375,0.0486789
-2.2925,0.0486789
-2.29125,0.0486789
-2.29,0.0483451
-2.28875,0.0503479
-2.2875,0.0513493
-2.28625,0.0500141
-2.285,0.0483451
-2.28375,0.0473437
-2.2825,0.0473437
-2.28125,0.0483451
-2.28,0.0483451
-2.27875,0.0463423
-2.2775,0.0463423
-2.27625,0.0470099
-2.275,0.0480113
-2.27375,0.0486789
-2.2725,0.0563563
-2.27125,0.109097
-2.27,0.12345
-2.26875,0.121447
-2.2675,0.122782
-2.26625,0.105091
-2.265,0.0543535
-2.26375,0.0473437
-2.2625,0.0473437
-2.26125,0.0483451
-2.26,0.0483451
-2.25875,0.0463423
-2.2575,0.0463423
-2.25625,0.0470099
-2.255,0.0480113
-2.25375,0.0486789
-2.2525,0.0486789
-2.25125,0.0486789
-2.25,0.0483451
-2.24875,0.0493465
-2.2475,0.0513493
-2.24625,0.0500141
-2.245,0.0483451
-2.24375,0.0473437
-2.2425,0.0473437
-2.24125,0.0483451
-2.24,0.0480113
-2.23875,0.0463423
-2.2375,0.0463423
-2.23625,0.0470099
-2.235,0.0480113
-2.23375,0.0486789
-2.2325,0.0486789
-2.23125,0.0486789
-2.23,0.0483451
-2.22875,0.0496803
-2.2275,0.0513493
-2.22625,0.0500141
-2.225,0.0483451
-2.22375,0.0473437
-2.2225,0.0473437
-2.22125,0.0483451
-2.22,0.0483451
-2.21875,0.0463423
-2.2175,0.0460085
-2.21625,0.0470099
-2.215,0.0480113
-2.21375,0.0486789
-2.2125,0.0486789
-2.21125,0.0486789
-2.21,0.0483451
-2.20875,0.0493465
-2.2075,0.0513493
-2.20625,0.0600281
-2.205,0.0616971
-2.20375,0.101753
-2.2025,0.216914
-2.20125,0.276664
-2.2,0.275329
-2.19875,0.146816
-2.1975,0.121113
-2.19625,0.121781
-2.195,0.122782
-2.19375,0.12345
-2.1925,0.12345
-2.19125,0.12345
-2.19,0.123116
-2.18875,0.125119
-2.1875,0.12612
-2.18625,0.124785
-2.185,0.123116
-2.18375,0.122115
-2.1825,0.122115
-2.18125,0.123116
-2.18,0.123116
-2.17875,0.121113
-2.1775,0.121447
-2.17625,0.121781
-2.175,0.122782
-2.17375,0.12345
-2.1725,0.123784
-2.17125,0.129125
-2.17,0.137136
-2.16875,0.138137
-2.1675,0.178193
-2.16625,0.178861
-2.165,0.120446
-2.16375,0.124118
-2.1625,0.131795
-2.16125,0.12078
-2.16,0.122115
-2.15875,0.121113
-2.1575,0.121113
-2.15625,0.121781
-2.155,0.122782
-2.15375,0.12345
-2.1525,0.12345
-2.15125,0.12345
-2.15,0.12345
-2.14875,0.124451
-2.1475,0.12612
-2.14625,0.125119
-2.145,0.12345
-2.14375,0.122449
-2.1425,0.122115
-2.14125,0.12345
-2.14,0.123116
-2.13875,0.121447
-2.1375,0.121113
-2.13625,0.122115
-2.135,0.122782
-2.13375,0.123784
-2.1325,0.12345
-2.13125,0.12345
-2.13,0.12345
-2.12875,0.124451
-2.1275,0.12612
-2.12625,0.125119
-2.125,0.123116
-2.12375,0.122115
-2.1225,0.122449
-2.12125,0.124451
-2.12,0.12345
-2.11875,0.121447
-2.1175,0.121447
-2.11625,0.12612
-2.115,0.122115
-2.11375,0.120446
-2.1125,0.0940756
-2.11125,0.0486789
-2.11,0.0483451
-2.10875,0.0493465
-2.1075,0.0513493
-2.10625,0.0500141
-2.105,0.0500141
-2.10375,0.0593605
-2.1025,0.0783871
-2.10125,0.148485
-2.1,0.234271
-2.09875,0.13313
-2.0975,0.157831
-2.09625,0.237609
-2.095,0.125787
-2.09375,0.124118
-2.0925,0.124785
-2.09125,0.124785
-2.09,0.124118
-2.08875,0.125787
-2.0875,0.12612
-2.08625,0.125119
-2.085,0.12345
-2.08375,0.122449
-2.0825,0.122115
-2.08125,0.12345
-2.08,0.149486
-2.07875,0.153492
-2.0775,0.136468
-2.07625,0.19288
-2.075,0.214243
-2.07375,0.123784
-2.0725,0.123784
-2.07125,0.12345
-2.07,0.124785
-2.06875,0.124451
-2.0675,0.129125
-2.06625,0.125119
-2.065,0.123116
-2.06375,0.118777
-2.0625,0.118777
-2.06125,0.132796
-2.06,0.127122
-2.05875,0.121447
-2.0575,0.121113
-2.05625,0.122115
-2.055,0.123116
-2.05375,0.123784
-2.0525,0.123784
-2.05125,0.12345
-2.05,0.123784
-2.04875,0.124118
-2.0475,0.126454
-2.04625,0.124785
-2.045,0.123784
-2.04375,0.122449
-2.0425,0.121781
-2.04125,0.12345
-2.04,0.123784
-2.03875,0.121113
-2.0375,0.121113
-2.03625,0.121781
-2.035,0.122782
-2.03375,0.12345
-2.0325,0.12345
-2.03125,0.12345
-2.03,0.123784
-2.02875,0.124118
-2.0275,0.12612
-2.02625,0.124785
-2.025,0.12345
-2.02375,0.138805
-2.0225,0.0506817
-2.02125,0.0483451
-2.02,0.0490127
-2.01875,0.0463423
-2.0175,0.0460085
-2.01625,0.0466761
-2.015,0.0476775
-2.01375,0.0486789
-2.0125,0.0486789
-2.01125,0.0486789
-2.01,0.0490127
-2.00875,0.0493465
-2.0075,0.0513493
-2.00625,0.0500141
-2.005,0.0483451
-2.00375,0.0473437
-2.0025,0.0470099
-2.00125,0.0503479
-2,0.0486789
-1.99875,0.0463423
-1.9975,0.0463423
-1.99625,0.0470099
-1.995,0.0476775
-1.99375,0.0486789
-1.9925,0.0486789
-1.99125,0.0486789
-1.99,0.0490127
-1.98875,0.0503479
-1.9875,0.0513493
-1.98625,0.0500141
-1.985,0.0483451
-1.98375,0.0473437
-1.9825,0.0473437
-1.98125,0.0483451
-1.98,0.0486789
-1.97875,0.0463423
-1.9775,0.0460085
-1.97625,0.0470099
-1.975,0.0476775
-1.97375,0.0486789
-1.9725,0.0486789
-1.97125,0.0486789
-1.97,0.0490127
-1.96875,0.0493465
-1.9675,0.0513493
-1.96625,0.0503479
-1.965,0.0647013
-1.96375,0.112435
-1.9625,0.121781
-1.96125,0.120112
-1.96,0.121781
-1.95875,0.134465
-1.9575,0.141475
-1.95625,0.135133
-1.955,0.122782
-1.95375,0.12345
-1.9525,0.12345
-1.95125,0.123116
-1.95,0.125787
-1.94875,0.137803
-1.9475,0.147483
-1.94625,0.140474
-1.945,0.0907376
-1.94375,0.0707097
-1.9425,0.0550211
-1.94125,0.0466761
-1.94,0.0490127
-1.93875,0.0470099
-1.9375,0.0470099
-1.93625,0.0476775
-1.935,0.0486789
-1.93375,0.0493465
-1.9325,0.0496803
-1.93125,0.0493465
-1.93,0.0493465
-1.92875,0.0503479
-1.9275,0.0520169
-1.92625,0.0510155
-1.925,0.0490127
-1.92375,0.0480113
-1.9225,0.0480113
-1.92125,0.0490127
-1.92,0.0490127
-1.91875,0.0470099
-1.9175,0.0470099
-1.91625,0.0476775
-1.915,0.0486789
-1.91375,0.0493465
-1.9125,0.0496803
-1.91125,0.0493465
-1.91,0.0493465
-1.90875,0.0503479
-1.9075,0.0520169
-1.90625,0.0510155
-1.905,0.0490127
-1.90375,0.0480113
-1.9025,0.0480113
-1.90125,0.0513493
-1.9,0.0490127
-1.89875,0.0480113
-1.8975,0.0470099
-1.89625,0.0476775
-1.895,0.0486789
-1.89375,0.0493465
-1.8925,0.0493465
-1.89125,0.0493465
-1.89,0.0493465
-1.88875,0.0510155
-1.8875,0.0520169
-1.88625,0.0510155
-1.885,0.0490127
-1.88375,0.0480113
-1.8825,0.0480113
-1.88125,0.0490127
-1.88,0.0490127
-1.87875,0.0470099
-1.8775,0.0470099
-1.87625,0.0476775
-1.875,0.0486789
-1.87375,0.0493465
-1.8725,0.0493465
-1.87125,0.0493465
-1.87,0.0493465
-1.86875,0.0503479
-1.8675,0.0520169
-1.86625,0.0510155
-1.865,0.0490127
-1.86375,0.0480113
-1.8625,0.0480113
-1.86125,0.0493465
-1.86,0.0490127
-1.85875,0.0470099
-1.8575,0.0470099
-1.85625,0.0476775
-1.855,0.0486789
-1.85375,0.0493465
-1.8525,0.0493465
-1.85125,0.0493465
-1.85,0.0493465
-1.84875,0.0503479
-1.8475,0.0520169
-1.84625,0.0510155
-1.845,0.0493465
-1.84375,0.0483451
-1.8425,0.0530183
-1.84125,0.0506817
-1.84,0.0496803
-1.83875,0.0480113
-1.8375,0.0476775
-1.83625,0.0483451
-1.835,0.0493465
-1.83375,0.0500141
-1.8325,0.0503479
-1.83125,0.0500141
-1.83,0.0500141
-1.82875,0.0510155
-1.8275,0.0526845
-1.82625,0.0516831
-1.825,0.0496803
-1.82375,0.0486789
-1.8225,0.0486789
-1.82125,0.0500141
-1.82,0.0496803
-1.81875,0.0476775
-1.8175,0.0476775
-1.81625,0.0483451
-1.815,0.0493465
-1.81375,0.0500141
-1.8125,0.0500141
-1.81125,0.0500141
-1.81,0.0500141
-1.80875,0.0506817
-1.8075,0.0526845
-1.80625,0.0516831
-1.805,0.0500141
-1.80375,0.0486789
-1.8025,0.0486789
-1.80125,0.0506817
-1.8,0.0496803
-1.79875,0.0476775
-1.7975,0.0476775
-1.79625,0.0483451
-1.795,0.0493465
-1.79375,0.0500141
-1.7925,0.0500141
-1.79125,0.0500141
-1.79,0.0500141
-1.78875,0.0516831
-1.7875,0.0526845
-1.78625,0.0516831
-1.785,0.0496803
-1.78375,0.0486789
-1.7825,0.0486789
-1.78125,0.0496803
-1.78,0.0496803
-1.77875,0.0480113
-1.7775,0.0476775
-1.77625,0.0483451
-1.775,0.0493465
-1.77375,0.0500141
-1.7725,0.0500141
-1.77125,0.0500141
-1.77,0.0500141
-1.76875,0.0506817
-1.7675,0.0526845
-1.76625,0.0516831
-1.765,0.0500141
-1.76375,0.0486789
-1.7625,0.0486789
-1.76125,0.0500141
-1.76,0.0496803
-1.75875,0.0476775
-1.7575,0.0476775
-1.75625,0.0483451
-1.755,0.0493465
-1.75375,0.0500141
-1.7525,0.0500141
-1.75125,0.0500141
-1.75,0.0500141
-1.74875,0.0510155
-1.7475,0.0526845
-1.74625,0.0516831
-1.745,0.0500141
-1.74375,0.0486789
-1.7425,0.0530183
-1.74125,0.0580253
-1.74,0.0770519
-1.73875,0.0803898
-1.7375,0.0296524
-1.73625,0.0296524
-1.735,0.0279834
-1.73375,0.0306538
-1.7325,0.0296524
-1.73125,0.0283172
-1.73,0.0289848
-1.72875,0.0283172
-1.7275,0.0316552
-1.72625,0.0289848
-1.725,0.0283172
-1.72375,0.0273158
-1.7225,0.0256468
-1.72125,0.0279834
-1.72,0.0259806
-1.71875,0.0259806
-1.7175,0.0246454
-1.71625,0.0256468
-1.715,0.026982
-1.71375,0.0263144
-1.7125,0.0279834
-1.71125,0.0259806
-1.71,0.0276496
-1.70875,0.0279834
-1.7075,0.0293186
-1.70625,0.0293186
-1.705,0.0256468
-1.70375,0.0263144
-1.7025,0.0246454
-1.70125,0.0273158
-1.7,0.026982
-1.69875,0.0239778
-1.6975,0.025313
-1.69625,0.0243116
-1.695,0.026982
-1.69375,0.0263144
-1.6925,0.0273158
-1.69125,0.0273158
-1.69,0.0256468
-1.68875,0.0283172
-1.6875,0.0283172
-1.68625,0.0293186
-1.685,0.0263144
-1.68375,0.0256468
-1.6825,0.0259806
-1.68125,0.0256468
-1.68,0.0273158
-1.67875,0.023644
-1.6775,0.025313
-1.67625,0.025313
-1.675,0.0256468
-1.67375,0.0276496
-1.6725,0.0259806
-1.67125,0.0273158
-1.67,0.0256468
-1.66875,0.0283172
-1.6675,0.0299862
-1.66625,0.0276496
-1.665,0.0273158
-1.66375,0.0246454
-1.6625,0.0263144
-1.66125,0.0259806
-1.66,0.0266482
-1.65875,0.025313
-1.6575,0.023644
-1.65625,0.0259806
-1.655,0.0249792
-1.65375,0.0276496
-1.6525,0.026982
-1.65125,0.0263144
-1.65,0.0273158
-1.64875,0.0266482
-1.6475,0.0299862
-1.64625,0.0273158
-1.645,0.0273158
-1.64375,0.0259806
-1.6425,0.0246454
-1.64125,0.0273158
-1.64,0.025313
-1.63875,0.0256468
-1.6375,0.023644
-1.63625,0.0256468
-1.635,0.0346594
-1.63375,0.0396663
-1.6325,0.0410015
-1.63125,0.0393326
-1.63,0.0393326
-1.62875,0.0406677
-1.6275,0.0413353
-1.62625,0.0416691
-1.625,0.038665
-1.62375,0.0389988
-1.6225,0.0393326
-1.62125,0.0400001
-1.62,0.0430043
-1.61875,0.0400001
-1.6175,0.0410015
-1.61625,0.0403339
-1.615,0.0423367
-1.61375,0.0406677
-1.6125,0.0393326
-1.61125,0.0400001
-1.61,0.038665
-1.60875,0.0406677
-1.6075,0.0420029
-1.60625,0.0440057
-1.605,0.0633661
-1.60375,0.0630323
-1.6025,0.0640337
-1.60125,0.0643675
-1.6,0.0650351
-1.59875,0.0626985
-1.5975,0.0626985
-1.59625,0.0640337
-1.595,0.0636999
-1.59375,0.0657027
-1.5925,0.0647013
-1.59125,0.0657027
-1.59,0.0647013
-1.58875,0.0657027
-1.5875,0.0680393
-1.58625,0.0660365
-1.585,0.0650351
-1.58375,0.0636999
-1.5825,0.0636999
-1.58125,0.0650351
-1.58,0.0640337
-1.57875,0.0633661
-1.5775,0.0620309
-1.57625,0.0636999
-1.575,0.0640337
-1.57375,0.0653689
-1.5725,0.0657027
-1.57125,0.0643675
-1.57,0.0650351
-1.56875,0.0647013
-1.5675,0.0677055
-1.56625,0.0663703
-1.565,0.0640337
-1.56375,0.0636999
-1.5625,0.0623647
-1.56125,0.0650351
-1.56,0.0633661
-1.55875,0.0626985
-1.5575,0.0623647
-1.55625,0.0630323
-1.555,0.0647013
-1.55375,0.0647013
-1.5525,0.0653689
-1.55125,0.0647013
-1.55,0.0650351
-1.54875,0.0663703
-1.5475,0.0670379
-1.54625,0.0673717
-1.545,0.0640337
-1.54375,0.0643675
-1.5425,0.0633661
-1.54125,0.0650351
-1.54,0.0647013
-1.53875,0.0623647
-1.5375,0.0630323
-1.53625,0.0630323
-1.535,0.0647013
-1.53375,0.0653689
-1.5325,0.0650351
-1.53125,0.0657027
-1.53,0.0643675
-1.52875,0.0663703
-1.5275,0.0673717
-1.52625,0.0670379
-1.525,0.0650351
-1.52375,0.0633661
-1.5225,0.0640337
-1.52125,0.0643675
-1.52,0.0650351
-1.51875,0.0626985
-1.5175,0.0630323
-1.51625,0.0636999
-1.515,0.0636999
-1.51375,0.0653689
-1.5125,0.0647013
-1.51125,0.0653689
-1.51,0.0647013
-1.50875,0.0657027
-1.5075,0.0680393
-1.50625,0.0660365
-1.505,0.0653689
-1.50375,0.0633661
-1.5025,0.0636999
-1.50125,0.0650351
-1.5,0.0643675
-1.49875,0.0633661
-1.4975,0.0620309
-1.49625,0.0640337
-1.495,0.0636999
-1.49375,0.0657027
-1.4925,0.0640337
-1.49125,0.0647013
-1.49,0.0653689
-1.48875,0.0660365
-1.4875,0.0673717
-1.48625,0.0673717
-1.485,0.0640337
-1.48375,0.0643675
-1.4825,0.0630323
-1.48125,0.0653689
-1.48,0.0647013
-1.47875,0.0626985
-1.4775,0.0630323
-1.47625,0.0630323
-1.475,0.0647013
-1.47375,0.0650351
-1.4725,0.0653689
-1.47125,0.0653689
-1.47,0.0643675
-1.46875,0.0663703
-1.4675,0.0673717
-1.46625,0.0670379
-1.465,0.0647013
-1.46375,0.0636999
-1.4625,0.0640337
-1.46125,0.0640337
-1.46,0.0650351
-1.45875,0.0623647
-1.4575,0.0630323
-1.45625,0.0633661
-1.455,0.0640337
-1.45375,0.0657027
-1.4525,0.0647013
-1.45125,0.0653689
-1.45,0.0647013
-1.44875,0.0663703
-1.4475,0.0680393
-1.44625,0.0663703
-1.445,0.0653689
-1.44375,0.0633661
-1.4425,0.0640337
-1.44125,0.0647013
-1.44,0.0647013
-1.43875,0.0633661
-1.4375,0.0620309
-1.43625,0.0640337
-1.435,0.0633661
-1.43375,0.0657027
-1.4325,0.0650351
-1.43125,0.0653689
-1.43,0.0653689
-1.42875,0.0653689
-1.4275,0.0680393
-1.42625,0.0663703
-1.425,0.0650351
-1.42375,0.0640337
-1.4225,0.0633661
-1.42125,0.0653689
-1.42,0.0640337
-1.41875,0.0633661
-1.4175,0.0623647
-1.41625,0.0636999
-1.415,0.0643675
-1.41375,0.0647013
-1.4125,0.0657027
-1.41125,0.0643675
-1.41,0.0653689
-1.40875,0.0657027
-1.4075,0.0677055
-1.40625,0.0670379
-1.405,0.0643675
-1.40375,0.0640337
-1.4025,0.0630323
-1.40125,0.0650351
-1.4,0.0647013
-1.39875,0.0626985
-1.3975,0.0633661
-1.39625,0.0626985
-1.395,0.0643675
-1.39375,0.0647013
-1.3925,0.0657027
-1.39125,0.0650351
-1.39,0.0647013
-1.38875,0.0663703
-1.3875,0.0670379
-1.38625,0.0670379
-1.385,0.0643675
-1.38375,0.0640337
-1.3825,0.0636999
-1.38125,0.0643675
-1.38,0.0650351
-1.37875,0.0623647
-1.3775,0.0630323
-1.37625,0.0633661
-1.375,0.0640337
-1.37375,0.0653689
-1.3725,0.0643675
-1.37125,0.0653689
-1.37,0.0640337
-1.36875,0.0660365
-1.3675,0.0673717
-1.36625,0.0663703
-1.365,0.0650351
-1.36375,0.0626985
-1.3625,0.0633661
-1.36125,0.0640337
-1.36,0.0647013
-1.35875,0.0626985
-1.3575,0.0620309
-1.35625,0.0636999
-1.355,0.0633661
-1.35375,0.0653689
-1.3525,0.0647013
-1.35125,0.0650351
-1.35,0.0650351
-1.34875,0.0650351
-1.3475,0.0677055
-1.34625,0.0657027
-1.345,0.0647013
-1.34375,0.0633661
-1.3425,0.0630323
-1.34125,0.0650351
-1.34,0.0636999
-1.33875,0.0630323
-1.3375,0.0620309
-1.33625,0.0636999
-1.335,0.0623647
-1.33375,0.0630323
-1.3325,0.0633661
-1.33125,0.0623647
-1.33,0.0633661
-1.32875,0.0633661
-1.3275,0.0657027
-1.32625,0.0650351
-1.325,0.0623647
-1.32375,0.0623647
-1.3225,0.0606957
-1.32125,0.0640337
-1.32,0.0613633
-1.31875,0.0590267
-1.3175,0.0566901
-1.31625,0.0563563
-1.315,0.0580253
-1.31375,0.0580253
-1.3125,0.0590267
-1.31125,0.0616971
-1.31,0.0730463
-1.30875,0.0770519
-1.3075,0.0777195
-1.30625,0.0820588
-1.305,0.0793884
-1.30375,0.0797222
-1.3025,0.0790546
-1.30125,0.0807236
-1.3,0.0810574
-1.29875,0.0720449
-1.2975,0.0636999
-1.29625,0.0777195
-1.295,0.0810574
-1.29375,0.0823926
-1.2925,0.0760505
-1.29125,0.080056
-1.29,0.0743815
-1.28875,0.0733801
-1.2875,0.0757167
-1.28625,0.0603619
-1.285,0.0453409
-1.28375,0.0460085
-1.2825,0.0453409
-1.28125,0.0470099
-1.28,0.0466761
-1.27875,0.0450071
-1.2775,0.0446733
-1.27625,0.0453409
-1.275,0.0460085
-1.27375,0.0470099
-1.2725,0.0470099
-1.27125,0.0470099
-1.27,0.0466761
-1.26875,0.0476775
-1.2675,0.0493465
-1.26625,0.0486789
-1.265,0.0466761
-1.26375,0.0456747
-1.2625,0.0453409
-1.26125,0.0466761
-1.26,0.0463423
-1.25875,0.0450071
-1.2575,0.0443395
-1.25625,0.0450071
-1.255,0.0460085
-1.25375,0.0470099
-1.2525,0.0470099
-1.25125,0.0470099
-1.25,0.0466761
-1.24875,0.0476775
-1.2475,0.0493465
-1.24625,0.0486789
-1.245,0.0466761
-1.24375,0.0456747
-1.2425,0.0453409
-1.24125,0.0466761
-1.24,0.0466761
-1.23875,0.0450071
-1.2375,0.0446733
-1.23625,0.0453409
-1.235,0.0460085
-1.23375,0.0470099
-1.2325,0.0470099
-1.23125,0.0470099
-1.23,0.0466761
-1.22875,0.0476775
-1.2275,0.0493465
-1.22625,0.0486789
-1.225,0.0466761
-1.22375,0.0456747
-1.2225,0.0453409
-1.22125,0.0466761
-1.22,0.0466761
-1.21875,0.0450071
-1.2175,0.0446733
-1.21625,0.0453409
-1.215,0.0460085
-1.21375,0.0473437
-1.2125,0.0473437
-1.21125,0.0470099
-1.21,0.0466761
-1.20875,0.0480113
-1.2075,0.0496803
-1.20625,0.0486789
-1.205,0.0466761
-1.20375,0.0456747
-1.2025,0.0453409
-1.20125,0.0466761
-1.2,0.0466761
-1.19875,0.0450071
-1.1975,0.0446733
-1.19625,0.0453409
-1.195,0.0460085
-1.19375,0.0470099
-1.1925,0.0470099
-1.19125,0.0470099
-1.19,0.0466761
-1.18875,0.0480113
-1.1875,0.0493465
-1.18625,0.0533521
-1.185,0.0483451
-1.18375,0.0466761
-1.1825,0.0460085
-1.18125,0.0473437
-1.18,0.0470099
-1.17875,0.0456747
-1.1775,0.0450071
-1.17625,0.0460085
-1.175,0.0466761
-1.17375,0.0476775
-1.1725,0.0476775
-1.17125,0.0476775
-1.17,0.0473437
-1.16875,0.0483451
-1.1675,0.0500141
-1.16625,0.0493465
-1.165,0.0473437
-1.16375,0.0463423
-1.1625,0.0460085
-1.16125,0.0473437
-1.16,0.0473437
-1.15875,0.0456747
-1.1575,0.0453409
-1.15625,0.0460085
-1.155,0.0466761
-1.15375,0.0476775
-1.1525,0.0476775
-1.15125,0.0476775
-1.15,0.0473437
-1.14875,0.0483451
-1.1475,0.0500141
-1.14625,0.0493465
-1.145,0.0473437
-1.14375,0.0466761
-1.1425,0.0460085
-1.14125,0.0473437
-1.14,0.0473437
-1.13875,0.0456747
-1.1375,0.0453409
-1.13625,0.0460085
-1.135,0.0466761
-1.13375,0.0476775
-1.1325,0.0476775
-1.13125,0.0476775
-1.13,0.0473437
-1.12875,0.0483451
-1.1275,0.0500141
-1.12625,0.0493465
-1.125,0.0473437
-1.12375,0.0463423
-1.1225,0.0460085
-1.12125,0.0476775
-1.12,0.0473437
-1.11875,0.0456747
-1.1175,0.0453409
-1.11625,0.0456747
-1.115,0.0466761
-1.11375,0.0480113
-1.1125,0.0476775
-1.11125,0.0476775
-1.11,0.0473437
-1.10875,0.0483451
-1.1075,0.0503479
-1.10625,0.0493465
-1.105,0.0473437
-1.10375,0.0466761
-1.1025,0.0460085
-1.10125,0.0473437
-1.1,0.0473437
-1.09875,0.0456747
-1.0975,0.0453409
-1.09625,0.0460085
-1.095,0.0466761
-1.09375,0.0476775
-1.0925,0.0476775
-1.09125,0.0476775
-1.09,0.0473437
-1.08875,0.0483451
-1.0875,0.0500141
-1.08625,0.0540197
-1.085,0.0563563
-1.08375,0.0760505
-1.0825,0.0707097
-1.08125,0.0733801
-1.08,0.0703759
-1.07875,0.0693745
-1.0775,0.0680393
-1.07625,0.0697083
-1.075,0.0690407
-1.07375,0.0690407
-1.0725,0.0713773
-1.07125,0.0683731
-1.07,0.0690407
-1.06875,0.0700421
-1.0675,0.0717111
-1.06625,0.0707097
-1.065,0.0673717
-1.06375,0.0690407
-1.0625,0.0660365
-1.06125,0.0683731
-1.06,0.0687069
-1.05875,0.0663703
-1.0575,0.0660365
-1.05625,0.0657027
-1.055,0.0687069
-1.05375,0.0677055
-1.0525,0.0683731
-1.05125,0.0693745
-1.05,0.0670379
-1.04875,0.0690407
-1.0475,0.0700421
-1.04625,0.0710435
-1.045,0.0653689
-1.04375,0.0660365
-1.0425,0.0667041
-1.04125,0.0663703
-1.04,0.0660365
-1.03875,0.0643675
-1.0375,0.0657027
-1.03625,0.0653689
-1.035,0.0650351
-1.03375,0.0677055
-1.0325,0.0670379
-1.03125,0.0673717
-1.03,0.0653689
-1.02875,0.0683731
-1.0275,0.0703759
-1.02625,0.0683731
-1.025,0.0660365
-1.02375,0.0650351
-1.0225,0.0663703
-1.02125,0.0663703
-1.02,0.0657027
-1.01875,0.0653689
-1.0175,0.0647013
-1.01625,0.0657027
-1.015,0.0643675
-1.01375,0.0673717
-1.0125,0.0677055
-1.01125,0.0670379
-1.01,0.0636999
-1.00875,0.0630323
-1.0075,0.0663703
-1.00625,0.0640337
-1.005,0.0616971
-1.00375,0.0613633
-1.0025,0.0616971
-1.00125,0.0630323
-1,0.0606957
-0.99875,0.0610295
-0.9975,0.0603619
-0.99625,0.0613633
-0.995,0.0606957
-0.99375,0.0626985
-0.9925,0.0640337
-0.99125,0.0620309
-0.99,0.0620309
-0.98875,0.0630323
-0.9875,0.0660365
-0.98625,0.0647013
-0.985,0.0610295
-0.98375,0.0620309
-0.9825,0.0610295
-0.98125,0.0630323
-0.98,0.0610295
-0.97875,0.0606957
-0.9775,0.0613633
-0.97625,0.0603619
-0.975,0.0610295
-0.97375,0.0623647
-0.9725,0.0640337
-0.97125,0.0626985
-0.97,0.0613633
-0.96875,0.0640337
-0.9675,0.0650351
-0.96625,0.0647013
-0.965,0.0610295
-0.96375,0.0620309
-0.9625,0.0616971
-0.96125,0.0620309
-0.96,0.0616971
-0.95875,0.0600281
-0.9575,0.0613633
-0.95625,0.0606957
-0.955,0.0606957
-0.95375,0.0630323
-0.9525,0.0630323
-0.95125,0.0630323
-0.95,0.0606957
-0.94875,0.0640337
-0.9475,0.0657027
-0.94625,0.0643675
-0.945,0.0616971
-0.94375,0.0610295
-0.9425,0.0620309
-0.94125,0.0620309
-0.94,0.0616971
-0.93875,0.0606957
-0.9375,0.0606957
-0.93625,0.0613633
-0.935,0.0600281
-0.93375,0.0630323
-0.9325,0.0630323
-0.93125,0.0630323
-0.93,0.0616971
-0.92875,0.0630323
-0.9275,0.0663703
-0.92625,0.0636999
-0.925,0.0616971
-0.92375,0.0613633
-0.9225,0.0620309
-0.92125,0.0626985
-0.92,0.0606957
-0.91875,0.0613633
-0.9175,0.0603619
-0.91625,0.0613633
-0.915,0.0603619
-0.91375,0.0630323
-0.9125,0.0640337
-0.91125,0.0620309
-0.91,0.0620309
-0.90875,0.0630323
-0.9075,0.0660365
-0.90625,0.0647013
-0.905,0.0610295
-0.90375,0.0620309
-0.9025,0.0610295
-0.90125,0.0630323
-0.9,0.0610295
-0.89875,0.0610295
-0.8975,0.0610295
-0.89625,0.0603619
-0.895,0.0610295
-0.89375,0.0623647
-0.8925,0.0640337
-0.89125,0.0623647
-0.89,0.0616971
-0.88875,0.0640337
-0.8875,0.0653689
-0.88625,0.0647013
-0.885,0.0610295
-0.88375,0.0620309
-0.8825,0.0616971
-0.88125,0.0623647
-0.88,0.0616971
-0.87875,0.0600281
-0.8775,0.0613633
-0.87625,0.0603619
-0.875,0.0610295
-0.87375,0.0630323
-0.8725,0.0630323
-0.87125,0.0630323
-0.87,0.0606957
-0.86875,0.0640337
-0.8675,0.0653689
-0.86625,0.0647013
-0.865,0.0616971
-0.86375,0.0610295
-0.8625,0.0620309
-0.86125,0.0616971
-0.86,0.0616971
-0.85875,0.0606957
-0.8575,0.0610295
-0.85625,0.0610295
-0.855,0.0600281
-0.85375,0.0633661
-0.8525,0.0630323
-0.85125,0.0630323
-0.85,0.0613633
-0.84875,0.0633661
-0.8475,0.0660365
-0.84625,0.0636999
-0.845,0.0620309
-0.84375,0.0613633
-0.8425,0.0620309
-0.84125,0.0626985
-0.84,0.0610295
-0.83875,0.0613633
-0.8375,0.0603619
-0.83625,0.0600281
-0.835,0.0613633
-0.83375,0.0623647
-0.8325,0.0640337
-0.83125,0.0623647
-0.83,0.0620309
-0.82875,0.0636999
-0.8275,0.0657027
-0.82625,0.0650351
-0.825,0.0610295
-0.82375,0.0620309
-0.8225,0.0613633
-0.82125,0.0626985
-0.82,0.0616971
-0.81875,0.0603619
-0.8175,0.0613633
-0.81625,0.0603619
-0.815,0.0610295
-0.81375,0.0626985
-0.8125,0.0636999
-0.81125,0.0630323
-0.81,0.0610295
-0.80875,0.0640337
-0.8075,0.0650351
-0.80625,0.0650351
-0.805,0.0616971
-0.80375,0.0613633
-0.8025,0.0620309
-0.80125,0.0616971
-0.8,0.0616971
-0.79875,0.0603619
-0.7975,0.0613633
-0.79625,0.0613633
-0.795,0.0603619
-0.79375,0.0633661
-0.7925,0.0626985
-0.79125,0.0630323
-0.79,0.0613633
-0.78875,0.0636999
-0.7875,0.0660365
-0.78625,0.0640337
-0.785,0.0620309
-0.78375,0.0610295
-0.7825,0.0620309
-0.78125,0.0623647
-0.78,0.0613633
-0.77875,0.0613633
-0.7775,0.0603619
-0.77625,0.0610295
-0.775,0.0603619
-0.77375,0.0633661
-0.7725,0.0636999
-0.77125,0.0623647
-0.77,0.0620309
-0.76875,0.0630323
-0.7675,0.0660365
-0.76625,0.0640337
-0.765,0.0620309
-0.76375,0.0620309
-0.7625,0.0613633
-0.76125,0.0630323
-0.76,0.0606957
-0.75875,0.0613633
-0.7575,0.0606957
-0.75625,0.0610295
-0.755,0.0610295
-0.75375,0.0623647
-0.7525,0.0640337
-0.75125,0.0620309
-0.75,0.0620309
-0.74875,0.0633661
-0.7475,0.0657027
-0.74625,0.0650351
-0.745,0.0610295
-0.74375,0.0620309
-0.7425,0.0613633
-0.74125,0.0630323
-0.74,0.0616971
-0.73875,0.0603619
-0.7375,0.0613633
-0.73625,0.0600281
-0.735,0.0610295
-0.73375,0.0626985
-0.7325,0.0636999
-0.73125,0.0630323
-0.73,0.0610295
-0.72875,0.0640337
-0.7275,0.0653689
-0.72625,0.0650351
-0.725,0.0616971
-0.72375,0.0616971
-0.7225,0.0620309
-0.72125,0.0616971
-0.72,0.0616971
-0.71875,0.0603619
-0.7175,0.0613633
-0.71625,0.0606957
-0.715,0.0603619
-0.71375,0.0633661
-0.7125,0.0626985
-0.71125,0.0630323
-0.71,0.0610295
-0.70875,0.0640337
-0.7075,0.0660365
-0.70625,0.0640337
-0.705,0.0620309
-0.70375,0.0610295
-0.7025,0.0620309
-0.70125,0.0623647
-0.7,0.0616971
-0.69875,0.0613633
-0.6975,0.0603619
-0.69625,0.0613633
-0.695,0.0603619
-0.69375,0.0633661
-0.6925,0.0636999
-0.69125,0.0626985
-0.69,0.0620309
-0.68875,0.0630323
-0.6875,0.0663703
-0.68625,0.0640337
-0.685,0.0620309
-0.68375,0.0616971
-0.6825,0.0613633
-0.68125,0.0630323
-0.68,0.0606957
-0.67875,0.0613633
-0.6775,0.0606957
-0.67625,0.0613633
-0.675,0.0610295
-0.67375,0.0623647
-0.6725,0.0640337
-0.67125,0.0620309
-0.67,0.0620309
-0.66875,0.0633661
-0.6675,0.0657027
-0.66625,0.0650351
-0.665,0.0610295
-0.66375,0.0620309
-0.6625,0.0610295
-0.66125,0.0630323
-0.66,0.0613633
-0.65875,0.0606957
-0.6575,0.0613633
-0.65625,0.0603619
-0.655,0.0610295
-0.65375,0.0626985
-0.6525,0.0636999
-0.65125,0.0630323
-0.65,0.0610295
-0.64875,0.0640337
-0.6475,0.0650351
-0.64625,0.0650351
-0.645,0.0613633
-0.64375,0.0616971
-0.6425,0.0620309
-0.64125,0.0616971
-0.64,0.0616971
-0.63875,0.0603619
-0.6375,0.0613633
-0.63625,0.0606957
-0.635,0.0606957
-0.63375,0.0633661
-0.6325,0.0626985
-0.63125,0.0630323
-0.63,0.0610295
-0.62875,0.0640337
-0.6275,0.0657027
-0.62625,0.0640337
-0.625,0.0620309
-0.62375,0.0610295
-0.6225,0.0620309
-0.62125,0.0623647
-0.62,0.0616971
-0.61875,0.0610295
-0.6175,0.0603619
-0.61625,0.0613633
-0.615,0.0603619
-0.61375,0.0633661
-0.6125,0.0633661
-0.61125,0.0626985
-0.61,0.0620309
-0.60875,0.0630323
-0.6075,0.0660365
-0.60625,0.0643675
-0.605,0.0620309
-0.60375,0.0616971
-0.6025,0.0616971
-0.60125,0.0630323
-0.6,0.0606957
-0.59875,0.0613633
-0.5975,0.0603619
-0.59625,0.0613633
-0.595,0.0610295
-0.59375,0.0626985
-0.5925,0.0640337
-0.59125,0.0620309
-0.59,0.0620309
-0.58875,0.0633661
-0.5875,0.0643675
-0.58625,0.0650351
-0.585,0.0613633
-0.58375,0.0620309
-0.5825,0.0620309
-0.58125,0.0620309
-0.58,0.0616971
-0.57875,0.0603619
-0.5775,0.0613633
-0.57625,0.0606957
-0.575,0.0610295
-0.57375,0.0633661
-0.5725,0.0630323
-0.57125,0.0630323
-0.57,0.0610295
-0.56875,0.0640337
-0.5675,0.0657027
-0.56625,0.0647013
-0.565,0.0620309
-0.56375,0.0610295
-0.5625,0.0623647
-0.56125,0.0620309
-0.56,0.0616971
-0.55875,0.0610295
-0.5575,0.0606957
-0.55625,0.0613633
-0.555,0.0600281
-0.55375,0.0633661
-0.5525,0.0630323
-0.55125,0.0630323
-0.55,0.0620309
-0.54875,0.0630323
-0.5475,0.0660365
-0.54625,0.0640337
-0.545,0.0620309
-0.54375,0.0613633
-0.5425,0.0616971
-0.54125,0.0630323
-0.54,0.0606957
-0.53875,0.0613633
-0.5375,0.0603619
-0.53625,0.0613633
-0.535,0.0606957
-0.53375,0.0626985
-0.5325,0.0640337
-0.53125,0.0620309
-0.53,0.0620309
-0.52875,0.0630323
-0.5275,0.0660365
-0.52625,0.0647013
-0.525,0.0613633
-0.52375,0.0620309
-0.5225,0.0610295
-0.52125,0.0626985
-0.52,0.0610295
-0.51875,0.0610295
-0.5175,0.0613633
-0.51625,0.0603619
-0.515,0.0613633
-0.51375,0.0623647
-0.5125,0.0640337
-0.51125,0.0626985
-0.51,0.0613633
-0.50875,0.0640337
-0.5075,0.0650351
-0.50625,0.0650351
-0.505,0.0613633
-0.50375,0.0620309
-0.5025,0.0620309
-0.50125,0.0620309
-0.5,0.0616971
-0.49875,0.0603619
-0.4975,0.0610295
-0.49625,0.0606957
-0.495,0.0606957
-0.49375,0.0630323
-0.4925,0.0630323
-0.49125,0.0630323
-0.49,0.0610295
-0.48875,0.0640337
-0.4875,0.0653689
-0.48625,0.0643675
-0.485,0.0620309
-0.48375,0.0610295
-0.4825,0.0620309
-0.48125,0.0620309
-0.48,0.0616971
-0.47875,0.0610295
-0.4775,0.0603619
-0.47625,0.0613633
-0.475,0.0600281
-0.47375,0.0633661
-0.4725,0.0633661
-0.47125,0.0630323
-0.47,0.0620309
-0.46875,0.0626985
-0.4675,0.0660365
-0.46625,0.0640337
-0.465,0.0620309
-0.46375,0.0616971
-0.4625,0.0616971
-0.46125,0.0630323
-0.46,0.0606957
-0.45875,0.0613633
-0.4575,0.0603619
-0.45625,0.0613633
-0.455,0.0606957
-0.45375,0.0626985
-0.4525,0.0640337
-0.45125,0.0620309
-0.45,0.0620309
-0.44875,0.0633661
-0.4475,0.0657027
-0.44625,0.0650351
-0.445,0.0613633
-0.44375,0.0623647
-0.4425,0.0613633
-0.44125,0.0630323
-0.44,0.0613633
-0.43875,0.0610295
-0.4375,0.0613633
-0.43625,0.0603619
-0.435,0.0610295
-0.43375,0.0623647
-0.4325,0.0640337
-0.43125,0.0626985
-0.43,0.0613633
-0.42875,0.0636999
-0.4275,0.0650351
-0.42625,0.0650351
-0.425,0.0613633
-0.42375,0.0620309
-0.4225,0.0620309
-0.42125,0.0620309
-0.42,0.0616971
-0.41875,0.0603619
-0.4175,0.0613633
-0.41625,0.0606957
-0.415,0.0610295
-0.41375,0.0633661
-0.4125,0.0630323
-0.41125,0.0630323
-0.41,0.0610295
-0.40875,0.0640337
-0.4075,0.0657027
-0.40625,0.0643675
-0.405,0.0620309
-0.40375,0.0610295
-0.4025,0.0623647
-0.40125,0.0620309
-0.4,0.0616971
-0.39875,0.0610295
-0.3975,0.0606957
-0.39625,0.0613633
-0.395,0.0600281
-0.39375,0.0633661
-0.3925,0.0633661
-0.39125,0.0630323
-0.39,0.0620309
-0.38875,0.0626985
-0.3875,0.0660365
-0.38625,0.0640337
-0.385,0.0620309
-0.38375,0.0616971
-0.3825,0.0616971
-0.38125,0.0630323
-0.38,0.0606957
-0.37875,0.0613633
-0.3775,0.0603619
-0.37625,0.0613633
-0.375,0.0610295
-0.37375,0.0626985
-0.3725,0.0640337
-0.37125,0.0620309
-0.37,0.0620309
-0.36875,0.0630323
-0.3675,0.0660365
-0.36625,0.0650351
-0.365,0.0610295
-0.36375,0.0620309
-0.3625,0.0610295
-0.36125,0.0626985
-0.36,0.0610295
-0.35875,0.0610295
-0.3575,0.0613633
-0.35625,0.0600281
-0.355,0.0610295
-0.35375,0.0623647
-0.3525,0.0640337
-0.35125,0.0630323
-0.35,0.0613633
-0.34875,0.0640337
-0.3475,0.0650351
-0.34625,0.0650351
-0.345,0.0613633
-0.34375,0.0620309
-0.3425,0.0620309
-0.34125,0.0620309
-0.34,0.0616971
-0.33875,0.0596943
-0.3375,0.0606957
-0.33625,0.0613633
-0.335,0.0600281
-0.33375,0.0633661
-0.3325,0.0633661
-0.33125,0.0630323
-0.33,0.0620309
-0.32875,0.0630323
-0.3275,0.0660365
-0.32625,0.0640337
-0.325,0.0620309
-0.32375,0.0616971
-0.3225,0.0616971
-0.32125,0.0630323
-0.32,0.0606957
-0.31875,0.0610295
-0.3175,0.0603619
-0.31625,0.0613633
-0.315,0.0606957
-0.31375,0.0626985
-0.3125,0.0640337
-0.31125,0.0620309
-0.31,0.0620309
-0.30875,0.0630323
-0.3075,0.0660365
-0.30625,0.0650351
-0.305,0.0610295
-0.30375,0.0620309
-0.3025,0.0610295
-0.30125,0.0626985
-0.3,0.0613633
-0.29875,0.0610295
-0.2975,0.0613633
-0.29625,0.0600281
-0.295,0.0610295
-0.29375,0.0623647
-0.2925,0.0640337
-0.29125,0.0626985
-0.29,0.0613633
-0.28875,0.0636999
-0.2875,0.0650351
-0.28625,0.0650351
-0.285,0.0613633
-0.28375,0.0620309
-0.2825,0.0620309
-0.28125,0.0616971
-0.28,0.0616971
-0.27875,0.0603619
-0.2775,0.0613633
-0.27625,0.0606957
-0.275,0.0606957
-0.27375,0.0633661
-0.2725,0.0630323
-0.27125,0.0630323
-0.27,0.0610295
-0.26875,0.0636999
-0.2675,0.0657027
-0.26625,0.0643675
-0.265,0.0620309
-0.26375,0.0610295
-0.2625,0.0620309
-0.26125,0.0620309
-0.26,0.0616971
-0.25875,0.0610295
-0.2575,0.0606957
-0.25625,0.0613633
-0.255,0.0600281
-0.25375,0.0633661
-0.2525,0.0633661
-0.25125,0.0630323
-0.25,0.0620309
-0.24875,0.0626985
-0.2475,0.0663703
-0.24625,0.0640337
-0.245,0.0620309
-0.24375,0.0616971
-0.2425,0.0616971
-0.24125,0.0630323
-0.24,0.0606957
-0.23875,0.0613633
-0.2375,0.0606957
-0.23625,0.0613633
-0.235,0.0610295
-0.23375,0.0626985
-0.2325,0.0640337
-0.23125,0.0620309
-0.23,0.0620309
-0.22875,0.0630323
-0.2275,0.0660365
-0.22625,0.0650351
-0.225,0.0610295
-0.22375,0.0620309
-0.2225,0.0613633
-0.22125,0.0626985
-0.22,0.0613633
-0.21875,0.0610295
-0.2175,0.0616971
-0.21625,0.0600281
-0.215,0.0610295
-0.21375,0.0623647
-0.2125,0.0640337
-0.21125,0.0630323
-0.21,0.0613633
-0.20875,0.0640337
-0.2075,0.0650351
-0.20625,0.0650351
-0.205,0.0613633
-0.20375,0.0620309
-0.2025,0.0620309
-0.20125,0.0620309
-0.2,0.0616971
-0.19875,0.0603619
-0.1975,0.0613633
-0.19625,0.0610295
-0.195,0.0606957
-0.19375,0.0633661
-0.1925,0.0630323
-0.19125,0.0630323
-0.19,0.0610295
-0.18875,0.0640337
-0.1875,0.0657027
-0.18625,0.0643675
-0.185,0.0620309
-0.18375,0.0610295
-0.1825,0.0620309
-0.18125,0.0620309
-0.18,0.0613633
-0.17875,0.0613633
-0.1775,0.0603619
-0.17625,0.0610295
-0.175,0.0600281
-0.17375,0.0633661
-0.1725,0.0633661
-0.17125,0.0626985
-0.17,0.0620309
-0.16875,0.0626985
-0.1675,0.0660365
-0.16625,0.0640337
-0.165,0.0620309
-0.16375,0.0616971
-0.1625,0.0613633
-0.16125,0.0626985
-0.16,0.0606957
-0.15875,0.0613633
-0.1575,0.0603619
-0.15625,0.0610295
-0.155,0.0610295
-0.15375,0.0623647
-0.1525,0.0640337
-0.15125,0.0620309
-0.15,0.0616971
-0.14875,0.0633661
-0.1475,0.0657027
-0.14625,0.0650351
-0.145,0.0610295
-0.14375,0.0620309
-0.1425,0.0613633
-0.14125,0.0626985
-0.14,0.0613633
-0.13875,0.0606957
-0.1375,0.0613633
-0.13625,0.0600281
-0.135,0.0610295
-0.13375,0.0626985
-0.1325,0.0636999
-0.13125,0.0630323
-0.13,0.0610295
-0.12875,0.0640337
-0.1275,0.0650351
-0.12625,0.0650351
-0.125,0.0616971
-0.12375,0.0616971
-0.1225,0.0620309
-0.12125,0.0616971
-0.12,0.0616971
-0.11875,0.0603619
-0.1175,0.0613633
-0.11625,0.0606957
-0.115,0.0603619
-0.11375,0.0633661
-0.1125,0.0630323
-0.11125,0.0630323
-0.11,0.0610295
-0.10875,0.0636999
-0.1075,0.0660365
-0.10625,0.0640337
-0.105,0.0620309
-0.10375,0.0610295
-0.1025,0.0620309
-0.10125,0.0623647
-0.1,0.0610295
-0.09875,0.0613633
-0.0975,0.0603619
-0.09625,0.0610295
-0.095,0.0603619
-0.09375,0.0633661
-0.0925,0.0636999
-0.09125,0.0633661
-0.09,0.0643675
-0.08875,0.0630323
-0.0875,0.0583591
-0.08625,0.0540197
-0.085,0.0516831
-0.08375,0.0503479
-0.0825,0.0500141
-0.08125,0.0513493
-0.08,0.0513493
-0.07875,0.0496803
-0.0775,0.0493465
-0.07625,0.0500141
-0.075,0.0506817
-0.07375,0.0516831
-0.0725,0.0516831
-0.07125,0.0516831
-0.07,0.0513493
-0.06875,0.0523507
-0.0675,0.0540197
-0.06625,0.0536859
-0.065,0.0516831
-0.06375,0.0503479
-0.0625,0.0500141
-0.06125,0.0513493
-0.06,0.0510155
-0.05875,0.0496803
-0.0575,0.0493465
-0.05625,0.0496803
-0.055,0.0503479
-0.05375,0.0516831
-0.0525,0.0516831
-0.05125,0.0513493
-0.05,0.0513493
-0.04875,0.0520169
-0.0475,0.0553549
-0.04625,0.0540197
-0.045,0.0513493
-0.04375,0.0506817
-0.0425,0.0493465
-0.04125,0.0510155
-0.04,0.0506817
-0.03875,0.0510155
-0.0375,0.0513493
-0.03625,0.0520169
-0.035,0.0526845
-0.03375,0.0540197
-0.0325,0.0540197
-0.03125,0.0540197
-0.03,0.0536859
-0.02875,0.0410015
-0.0275,0.00628643
-0.02625,0.00595263
-0.025,0.00394984
-0.02375,0.00261464
-0.0225,0.00228084
-0.02125,0.00361604
-0.02,0.00361604
-0.01875,0.00194704
-0.0175,0.00161325
-0.01625,0.00228084
-0.015,0.00261464
-0.01375,0.00394984
-0.0125,0.00394984
-0.01125,0.00394984
-0.01,0.00361604
-0.00875,0.00461744
-0.0075,0.00628643
-0.00625,0.00595263
-0.005,0.00394984
-0.00375,0.00294844
-0.0025,0.00228084
-0.00125,0.00361604
0,0.00361604
0.00125,0.00194704
0.0025,0.00161325
0.00375,0.00194704
0.005,0.00261464
0.00625,0.00394984
0.0075,0.00394984
0.00875,0.00394984
0.01,0.00361604
0.01125,0.00428364
0.0125,0.00595263
0.01375,0.00595263
0.015,0.00394984
0.01625,0.00261464
0.0175,0.00228084
0.01875,0.00361604
0.02,0.00361604
0.02125,0.00194704
0.0225,0.00127945
0.02375,0.00194704
0.025,0.00261464
0.02625,0.00394984
0.0275,0.00394984
0.02875,0.00394984
0.03,0.00361604
0.03125,0.00428364
0.0325,0.00595263
0.03375,0.00595263
0.035,0.00394984
0.03625,0.00294844
0.0375,0.00228084
0.03875,0.00361604
0.04,0.00328224
0.04125,0.00194704
0.0425,0.00161325
0.04375,0.00228084
0.045,0.00261464
0.04625,0.00394984
0.0475,0.00394984
0.04875,0.00394984
0.05,0.00361604
0.05125,0.00428364
0.0525,0.00595263
0.05375,0.00595263
0.055,0.00394984
0.05625,0.00261464
0.0575,0.00228084
0.05875,0.00361604
0.06,0.00328224
0.06125,0.00194704
0.0625,0.00127945
0.06375,0.00194704
0.065,0.00261464
0.06625,0.00394984
0.0675,0.00394984
0.06875,0.00394984
0.07,0.00361604
0.07125,0.00428364
0.0725,0.00595263
0.07375,0.00595263
0.075,0.00394984
0.07625,0.00261464
0.0775,0.00228084
0.07875,0.00361604
0.08,0.00328224
0.08125,0.00194704
0.0825,0.00127945
0.08375,0.00194704
0.085,0.00261464
0.08625,0.00394984
0.0875,0.00394984
0.08875,0.00394984
0.09,0.00361604
0.09125,0.00428364
0.0925,0.00595263
0.09375,0.00595263
0.095,0.00394984
0.09625,0.00261464
0.0975,0.00228084
0.09875,0.00361604
0.1,0.00328224
0.10125,0.00194704
0.1025,0.00127945
0.10375,0.00194704
0.105,0.00261464
0.10625,0.00394984
0.1075,0.00394984
0.10875,0.00394984
0.11,0.00361604
0.11125,0.00428364
0.1125,0.00595263
0.11375,0.00595263
0.115,0.00394984
0.11625,0.00261464
0.1175,0.00228084
0.11875,0.00361604
0.12,0.00328224
0.12125,0.00194704
0.1225,0.00161325
0.12375,0.00194704
0.125,0.00261464
0.12625,0.00394984
0.1275,0.00394984
0.12875,0.00394984
0.13,0.00361604
0.13125,0.00428364
0.1325,0.00595263
0.13375,0.00595263
0.135,0.00394984
0.13625,0.00261464
0.1375,0.00228084
0.13875,0.00361604
0.14,0.00328224
0.14125,0.00194704
0.1425,0.00161325
0.14375,0.00194704
0.145,0.00261464
0.14625,0.00394984
0.1475,0.00394984
0.14875,0.00394984
0.15,0.00361604
0.15125,0.00428364
0.1525,0.00595263
0.15375,0.00628643
0.155,0.00394984
0.15625,0.00294844
0.1575,0.00228084
0.15875,0.00361604
0.16,0.00361604
0.16125,0.00228084
0.1625,0.00161325
0.16375,0.00228084
0.165,0.00261464
0.16625,0.00394984
0.1675,0.00394984
0.16875,0.00394984
0.17,0.00361604
0.17125,0.00428364
0.1725,0.00595263
0.17375,0.00595263
0.175,0.00394984
0.17625,0.00261464
0.1775,0.00228084
0.17875,0.00361604
0.18,0.00328224
0.18125,0.00194704
0.1825,0.00161325
0.18375,0.00194704
0.185,0.00261464
0.18625,0.00394984
0.1875,0.00394984
0.18875,0.00394984
0.19,0.00361604
0.19125,0.00428364
0.1925,0.00595263
0.19375,0.00595263
0.195,0.00394984
0.19625,0.00261464
0.1975,0.00228084
0.19875,0.00361604
0.2,0.00328224
0.20125,0.00194704
0.2025,0.00127945
0.20375,0.00194704
0.205,0.00261464
0.20625,0.00361604
0.2075,0.00394984
0.20875,0.00394984
0.21,0.00361604
0.21125,0.00428364
0.2125,0.00595263
0.21375,0.00595263
0.215,0.00394984
0.21625,0.00261464
0.2175,0.00228084
0.21875,0.00361604
0.22,0.00361604
0.22125,0.00194704
0.2225,0.00161325
0.22375,0.00194704
0.225,0.00261464
0.22625,0.00394984
0.2275,0.00394984
0.22875,0.00361604
0.23,0.00361604
0.23125,0.00428364
0.2325,0.00595263
0.23375,0.00595263
0.235,0.00394984
0.23625,0.00261464
0.2375,0.00228084
0.23875,0.00361604
0.24,0.00328224
0.24125,0.00194704
0.2425,0.00127945
0.24375,0.00194704
0.245,0.00261464
0.24625,0.00394984
0.2475,0.00394984
0.24875,0.00394984
0.25,0.00361604
0.25125,0.00428364
0.2525,0.00595263
0.25375,0.00595263
0.255,0.00394984
0.25625,0.00261464
0.2575,0.00228084
0.25875,0.00361604
0.26,0.00328224
0.26125,0.00194704
0.2625,0.00127945
0.26375,0.00194704
0.265,0.00261464
0.26625,0.00394984
0.2675,0.00394984
0.26875,0.00394984
0.27,0.00361604
0.27125,0.00428364
0.2725,0.00595263
0.27375,0.00595263
0.275,0.00394984
0.27625,0.00261464
0.2775,0.00228084
0.27875,0.00361604
0.28,0.00328224
0.28125,0.00228084
0.2825,0.00161325
0.28375,0.00228084
0.285,0.00261464
0.28625,0.00394984
0.2875,0.00394984
0.28875,0.00394984
0.29,0.00361604
0.29125,0.00428364
0.2925,0.00595263
0.29375,0.00595263
0.295,0.00394984
0.29625,0.00261464
0.2975,0.00228084
0.29875,0.00394984
0.3,0.00361604
0.30125,0.00228084
0.3025,0.00161325
0.30375,0.00194704
0.305,0.00261464
0.30625,0.00394984
0.3075,0.00394984
0.30875,0.00394984
0.31,0.00361604
0.31125,0.00428364
0.3125,0.00595263
0.31375,0.00595263
0.315,0.00394984
0.31625,0.00261464
0.3175,0.00228084
0.31875,0.00361604
0.32,0.00361604
0.32125,0.00228084
0.3225,0.00161325
0.32375,0.00194704
0.325,0.00261464
0.32625,0.00394984
0.3275,0.00394984
0.32875,0.00394984
0.33,0.00361604
0.33125,0.00428364
0.3325,0.00595263
0.33375,0.00595263
0.335,0.00394984
0.33625,0.00261464
0.3375,0.00228084
0.33875,0.00361604
0.34,0.00361604
0.34125,0.00194704
0.3425,0.00161325
0.34375,0.00194704
0.345,0.00261464
0.34625,0.00394984
0.3475,0.00394984
0.34875,0.00394984
0.35,0.00361604
0.35125,0.00428364
0.3525,0.00595263
0.35375,0.00595263
0.355,0.00394984
0.35625,0.00261464
0.3575,0.00228084
0.35875,0.00361604
0.36,0.00328224
0.36125,0.00194704
0.3625,0.00161325
0.36375,0.00194704
0.365,0.00261464
0.36625,0.00394984
0.3675,0.00394984
0.36875,0.00394984
0.37,0.00361604
0.37125,0.00428364
0.3725,0.00595263
0.37375,0.00595263
0.375,0.00394984
0.37625,0.00261464
0.3775,0.00228084
0.37875,0.00361604
0.38,0.00328224
0.38125,0.00194704
0.3825,0.00161325
0.38375,0.00194704
0.385,0.00261464
0.38625,0.00394984
0.3875,0.00394984
0.38875,0.00394984
0.39,0.00361604
0.39125,0.00428364
0.3925,0.00595263
0.39375,0.00595263
0.395,0.00394984
0.39625,0.00261464
0.3975,0.00228084
0.39875,0.00361604
0.4,0.00328224
0.40125,0.00194704
0.4025,0.00127945
0.40375,0.00228084
0.405,0.00261464
0.40625,0.00394984
0.4075,0.00394984
0.40875,0.00394984
0.41,0.00361604
0.41125,0.00428364
0.4125,0.00595263
0.41375,0.00595263
0.415,0.00394984
0.41625,0.00261464
0.4175,0.00228084
0.41875,0.00361604
0.42,0.00361604
0.42125,0.00194704
0.4225,0.00161325
0.42375,0.00194704
0.425,0.00261464
0.42625,0.00394984
0.4275,0.00394984
0.42875,0.00394984
0.43,0.00361604
0.43125,0.00428364
0.4325,0.00595263
0.43375,0.00595263
0.435,0.00394984
0.43625,0.00261464
0.4375,0.00228084
0.43875,0.00361604
0.44,0.00328224
0.44125,0.00194704
0.4425,0.00161325
0.44375,0.00194704
0.445,0.00261464
0.44625,0.00394984
0.4475,0.00394984
0.44875,0.00394984
0.45,0.00361604
0.45125,0.00428364
0.4525,0.00595263
0.45375,0.00595263
0.455,0.00394984
0.45625,0.00294844
0.4575,0.00228084
0.45875,0.00361604
0.46,0.00361604
0.46125,0.00228084
0.4625,0.00127945
0.46375,0.00194704
0.465,0.00261464
0.46625,0.00394984
0.4675,0.00394984
0.46875,0.00394984
0.47,0.00361604
0.47125,0.00428364
0.4725,0.00595263
0.47375,0.00628643
0.475,0.00394984
0.47625,0.00294844
0.4775,0.00228084
0.47875,0.00361604
0.48,0.00328224
0.48125,0.00228084
0.4825,0.00161325
0.48375,0.00194704
0.485,0.00261464
0.48625,0.00394984
0.4875,0.00394984
0.48875,0.00394984
0.49,0.00361604
0.49125,0.00428364
0.4925,0.00595263
0.49375,0.00595263
0.495,0.00394984
0.49625,0.00261464
0.4975,0.00228084
0.49875,0.00361604
0.5,0.00361604
