#Digilent WaveForms Oscilloscope Acquisition,,,
#Device Name: Discovery2,,,
#Serial Number: SN:210321A4216E,,,
#Date Time: 2020-04-30 20:02:49.283,,,
#Sample rate: 800Hz,,,
#Samples: 4922,,,
#Trigger: Source: Channel 1 Type: Edge Condition: Rising Level: 0 V Hyst.: Auto HoldOff: 0 s,,,
#Channel 1: Range: 20 mV/div Offset: 0 V,,,
,,,
Time (s),Channel 1 (V),,
-3.99875,0.00808849,8.85E-05,8.85E-05
-3.9975,0.0067533,-0.0012467,-0.0012467
-3.99625,0.0060857,-0.0019143,-0.0019143
-3.995,0.0064195,-0.0015805,-0.0015805
-3.99375,0.0070871,-0.0009129,-0.0009129
-3.9925,0.00842229,0.00042229,0.00042229
-3.99125,0.00875609,0.00075609,0.00075609
-3.99,0.00842229,0.00042229,0.00042229
-3.98875,0.00808849,8.85E-05,8.85E-05
-3.9875,0.00875609,0.00075609,0.00075609
-3.98625,0.0107589,0.0027589,0.0027589
-3.985,0.0107589,0.0027589,0.0027589
-3.98375,0.00875609,0.00075609,0.00075609
-3.9825,0.0074209,-0.0005791,-0.0005791
-3.98125,0.0067533,-0.0012467,-0.0012467
-3.98,0.00842229,0.00042229,0.00042229
-3.97875,0.00808849,8.85E-05,8.85E-05
-3.9775,0.0067533,-0.0012467,-0.0012467
-3.97625,0.0060857,-0.0019143,-0.0019143
-3.975,0.0067533,-0.0012467,-0.0012467
-3.97375,0.0070871,-0.0009129,-0.0009129
-3.9725,0.00842229,0.00042229,0.00042229
-3.97125,0.00875609,0.00075609,0.00075609
-3.97,0.00842229,0.00042229,0.00042229
-3.96875,0.00808849,8.85E-05,8.85E-05
-3.9675,0.00875609,0.00075609,0.00075609
-3.96625,0.0107589,0.0027589,0.0027589
-3.965,0.0107589,0.0027589,0.0027589
-3.96375,0.00875609,0.00075609,0.00075609
-3.9625,0.0074209,-0.0005791,-0.0005791
-3.96125,0.0070871,-0.0009129,-0.0009129
-3.96,0.00842229,0.00042229,0.00042229
-3.95875,0.00808849,8.85E-05,8.85E-05
-3.9575,0.0067533,-0.0012467,-0.0012467
-3.95625,0.0060857,-0.0019143,-0.0019143
-3.955,0.0064195,-0.0015805,-0.0015805
-3.95375,0.0074209,-0.0005791,-0.0005791
-3.9525,0.00842229,0.00042229,0.00042229
-3.95125,0.00875609,0.00075609,0.00075609
-3.95,0.00842229,0.00042229,0.00042229
-3.94875,0.00842229,0.00042229,0.00042229
-3.9475,0.00908989,0.00108989,0.00108989
-3.94625,0.0107589,0.0027589,0.0027589
-3.945,0.0107589,0.0027589,0.0027589
-3.94375,0.00842229,0.00042229,0.00042229
-3.9425,0.0074209,-0.0005791,-0.0005791
-3.94125,0.0067533,-0.0012467,-0.0012467
-3.94,0.00808849,8.85E-05,8.85E-05
-3.93875,0.00808849,8.85E-05,8.85E-05
-3.9375,0.0064195,-0.0015805,-0.0015805
-3.93625,0.0057519,-0.0022481,-0.0022481
-3.935,0.0064195,-0.0015805,-0.0015805
-3.93375,0.0070871,-0.0009129,-0.0009129
-3.9325,0.00842229,0.00042229,0.00042229
-3.93125,0.00842229,0.00042229,0.00042229
-3.93,0.00842229,0.00042229,0.00042229
-3.92875,0.00808849,8.85E-05,8.85E-05
-3.9275,0.00875609,0.00075609,0.00075609
-3.92625,0.0107589,0.0027589,0.0027589
-3.925,0.0104251,0.0024251,0.0024251
-3.92375,0.00875609,0.00075609,0.00075609
-3.9225,0.0070871,-0.0009129,-0.0009129
-3.92125,0.0067533,-0.0012467,-0.0012467
-3.92,0.00842229,0.00042229,0.00042229
-3.91875,0.00808849,8.85E-05,8.85E-05
-3.9175,0.0064195,-0.0015805,-0.0015805
-3.91625,0.0057519,-0.0022481,-0.0022481
-3.915,0.0067533,-0.0012467,-0.0012467
-3.91375,0.0070871,-0.0009129,-0.0009129
-3.9125,0.00842229,0.00042229,0.00042229
-3.91125,0.00875609,0.00075609,0.00075609
-3.91,0.00842229,0.00042229,0.00042229
-3.90875,0.00808849,8.85E-05,8.85E-05
-3.9075,0.00908989,0.00108989,0.00108989
-3.90625,0.0107589,0.0027589,0.0027589
-3.905,0.0107589,0.0027589,0.0027589
-3.90375,0.00875609,0.00075609,0.00075609
-3.9025,0.0070871,-0.0009129,-0.0009129
-3.90125,0.0067533,-0.0012467,-0.0012467
-3.9,0.00842229,0.00042229,0.00042229
-3.89875,0.00808849,8.85E-05,8.85E-05
-3.8975,0.0064195,-0.0015805,-0.0015805
-3.89625,0.0057519,-0.0022481,-0.0022481
-3.895,0.0064195,-0.0015805,-0.0015805
-3.89375,0.0070871,-0.0009129,-0.0009129
-3.8925,0.00842229,0.00042229,0.00042229
-3.89125,0.00875609,0.00075609,0.00075609
-3.89,0.00842229,0.00042229,0.00042229
-3.88875,0.00808849,8.85E-05,8.85E-05
-3.8875,0.00908989,0.00108989,0.00108989
-3.88625,0.0107589,0.0027589,0.0027589
-3.885,0.0104251,0.0024251,0.0024251
-3.88375,0.00842229,0.00042229,0.00042229
-3.8825,0.0074209,-0.0005791,-0.0005791
-3.88125,0.0067533,-0.0012467,-0.0012467
-3.88,0.00808849,8.85E-05,8.85E-05
-3.87875,0.00808849,8.85E-05,8.85E-05
-3.8775,0.0064195,-0.0015805,-0.0015805
-3.87625,0.0057519,-0.0022481,-0.0022481
-3.875,0.0064195,-0.0015805,-0.0015805
-3.87375,0.0070871,-0.0009129,-0.0009129
-3.8725,0.00842229,0.00042229,0.00042229
-3.87125,0.00842229,0.00042229,0.00042229
-3.87,0.00842229,0.00042229,0.00042229
-3.86875,0.00808849,8.85E-05,8.85E-05
-3.8675,0.00875609,0.00075609,0.00075609
-3.86625,0.0107589,0.0027589,0.0027589
-3.865,0.0104251,0.0024251,0.0024251
-3.86375,0.00842229,0.00042229,0.00042229
-3.8625,0.0070871,-0.0009129,-0.0009129
-3.86125,0.0067533,-0.0012467,-0.0012467
-3.86,0.00808849,8.85E-05,8.85E-05
-3.85875,0.00808849,8.85E-05,8.85E-05
-3.8575,0.0064195,-0.0015805,-0.0015805
-3.85625,0.0060857,-0.0019143,-0.0019143
-3.855,0.0067533,-0.0012467,-0.0012467
-3.85375,0.0074209,-0.0005791,-0.0005791
-3.8525,0.00842229,0.00042229,0.00042229
-3.85125,0.00875609,0.00075609,0.00075609
-3.85,0.00842229,0.00042229,0.00042229
-3.84875,0.00808849,8.85E-05,8.85E-05
-3.8475,0.00908989,0.00108989,0.00108989
-3.84625,0.0107589,0.0027589,0.0027589
-3.845,0.0104251,0.0024251,0.0024251
-3.84375,0.00842229,0.00042229,0.00042229
-3.8425,0.0074209,-0.0005791,-0.0005791
-3.84125,0.0067533,-0.0012467,-0.0012467
-3.84,0.00842229,0.00042229,0.00042229
-3.83875,0.00808849,8.85E-05,8.85E-05
-3.8375,0.0064195,-0.0015805,-0.0015805
-3.83625,0.0060857,-0.0019143,-0.0019143
-3.835,0.0067533,-0.0012467,-0.0012467
-3.83375,0.0074209,-0.0005791,-0.0005791
-3.8325,0.00842229,0.00042229,0.00042229
-3.83125,0.00842229,0.00042229,0.00042229
-3.83,0.00842229,0.00042229,0.00042229
-3.82875,0.00808849,8.85E-05,8.85E-05
-3.8275,0.00875609,0.00075609,0.00075609
-3.82625,0.0107589,0.0027589,0.0027589
-3.825,0.0104251,0.0024251,0.0024251
-3.82375,0.00842229,0.00042229,0.00042229
-3.8225,0.0070871,-0.0009129,-0.0009129
-3.82125,0.0067533,-0.0012467,-0.0012467
-3.82,0.00842229,0.00042229,0.00042229
-3.81875,0.00808849,8.85E-05,8.85E-05
-3.8175,0.0064195,-0.0015805,-0.0015805
-3.81625,0.0057519,-0.0022481,-0.0022481
-3.815,0.0067533,-0.0012467,-0.0012467
-3.81375,0.0074209,-0.0005791,-0.0005791
-3.8125,0.00842229,0.00042229,0.00042229
-3.81125,0.00842229,0.00042229,0.00042229
-3.81,0.00842229,0.00042229,0.00042229
-3.80875,0.00808849,8.85E-05,8.85E-05
-3.8075,0.00908989,0.00108989,0.00108989
-3.80625,0.0107589,0.0027589,0.0027589
-3.805,0.0104251,0.0024251,0.0024251
-3.80375,0.00842229,0.00042229,0.00042229
-3.8025,0.0074209,-0.0005791,-0.0005791
-3.80125,0.0067533,-0.0012467,-0.0012467
-3.8,0.00842229,0.00042229,0.00042229
-3.79875,0.00808849,8.85E-05,8.85E-05
-3.7975,0.0064195,-0.0015805,-0.0015805
-3.79625,0.0060857,-0.0019143,-0.0019143
-3.795,0.0067533,-0.0012467,-0.0012467
-3.79375,0.0074209,-0.0005791,-0.0005791
-3.7925,0.00842229,0.00042229,0.00042229
-3.79125,0.00842229,0.00042229,0.00042229
-3.79,0.00842229,0.00042229,0.00042229
-3.78875,0.00808849,8.85E-05,8.85E-05
-3.7875,0.00908989,0.00108989,0.00108989
-3.78625,0.0107589,0.0027589,0.0027589
-3.785,0.0104251,0.0024251,0.0024251
-3.78375,0.00842229,0.00042229,0.00042229
-3.7825,0.0070871,-0.0009129,-0.0009129
-3.78125,0.0067533,-0.0012467,-0.0012467
-3.78,0.00842229,0.00042229,0.00042229
-3.77875,0.00808849,8.85E-05,8.85E-05
-3.7775,0.0064195,-0.0015805,-0.0015805
-3.77625,0.0057519,-0.0022481,-0.0022481
-3.775,0.0067533,-0.0012467,-0.0012467
-3.77375,0.0074209,-0.0005791,-0.0005791
-3.7725,0.00842229,0.00042229,0.00042229
-3.77125,0.00842229,0.00042229,0.00042229
-3.77,0.00842229,0.00042229,0.00042229
-3.76875,0.00808849,8.85E-05,8.85E-05
-3.7675,0.00908989,0.00108989,0.00108989
-3.76625,0.0110927,0.0030927,0.0030927
-3.765,0.0100913,0.0020913,0.0020913
-3.76375,0.00842229,0.00042229,0.00042229
-3.7625,0.0070871,-0.0009129,-0.0009129
-3.76125,0.0067533,-0.0012467,-0.0012467
-3.76,0.00842229,0.00042229,0.00042229
-3.75875,0.00808849,8.85E-05,8.85E-05
-3.7575,0.0064195,-0.0015805,-0.0015805
-3.75625,0.0057519,-0.0022481,-0.0022481
-3.755,0.0064195,-0.0015805,-0.0015805
-3.75375,0.0074209,-0.0005791,-0.0005791
-3.7525,0.00842229,0.00042229,0.00042229
-3.75125,0.00842229,0.00042229,0.00042229
-3.75,0.00842229,0.00042229,0.00042229
-3.74875,0.00808849,8.85E-05,8.85E-05
-3.7475,0.00908989,0.00108989,0.00108989
-3.74625,0.0110927,0.0030927,0.0030927
-3.745,0.0104251,0.0024251,0.0024251
-3.74375,0.00842229,0.00042229,0.00042229
-3.7425,0.0074209,-0.0005791,-0.0005791
-3.74125,0.0067533,-0.0012467,-0.0012467
-3.74,0.00842229,0.00042229,0.00042229
-3.73875,0.00808849,8.85E-05,8.85E-05
-3.7375,0.0064195,-0.0015805,-0.0015805
-3.73625,0.0057519,-0.0022481,-0.0022481
-3.735,0.0067533,-0.0012467,-0.0012467
-3.73375,0.0074209,-0.0005791,-0.0005791
-3.7325,0.00842229,0.00042229,0.00042229
-3.73125,0.00842229,0.00042229,0.00042229
-3.73,0.00842229,0.00042229,0.00042229
-3.72875,0.00808849,8.85E-05,8.85E-05
-3.7275,0.00908989,0.00108989,0.00108989
-3.72625,0.0110927,0.0030927,0.0030927
-3.725,0.0100913,0.0020913,0.0020913
-3.72375,0.00842229,0.00042229,0.00042229
-3.7225,0.0070871,-0.0009129,-0.0009129
-3.72125,0.0067533,-0.0012467,-0.0012467
-3.72,0.00842229,0.00042229,0.00042229
-3.71875,0.00808849,8.85E-05,8.85E-05
-3.7175,0.0060857,-0.0019143,-0.0019143
-3.71625,0.0060857,-0.0019143,-0.0019143
-3.715,0.0067533,-0.0012467,-0.0012467
-3.71375,0.0074209,-0.0005791,-0.0005791
-3.7125,0.00842229,0.00042229,0.00042229
-3.71125,0.00842229,0.00042229,0.00042229
-3.71,0.00842229,0.00042229,0.00042229
-3.70875,0.00808849,8.85E-05,8.85E-05
-3.7075,0.00908989,0.00108989,0.00108989
-3.70625,0.0110927,0.0030927,0.0030927
-3.705,0.0100913,0.0020913,0.0020913
-3.70375,0.00842229,0.00042229,0.00042229
-3.7025,0.0070871,-0.0009129,-0.0009129
-3.70125,0.0067533,-0.0012467,-0.0012467
-3.7,0.00842229,0.00042229,0.00042229
-3.69875,0.00808849,8.85E-05,8.85E-05
-3.6975,0.0064195,-0.0015805,-0.0015805
-3.69625,0.0060857,-0.0019143,-0.0019143
-3.695,0.0067533,-0.0012467,-0.0012467
-3.69375,0.0074209,-0.0005791,-0.0005791
-3.6925,0.00842229,0.00042229,0.00042229
-3.69125,0.00842229,0.00042229,0.00042229
-3.69,0.00842229,0.00042229,0.00042229
-3.68875,0.00808849,8.85E-05,8.85E-05
-3.6875,0.00908989,0.00108989,0.00108989
-3.68625,0.0110927,0.0030927,0.0030927
-3.685,0.0104251,0.0024251,0.0024251
-3.68375,0.00842229,0.00042229,0.00042229
-3.6825,0.0070871,-0.0009129,-0.0009129
-3.68125,0.0067533,-0.0012467,-0.0012467
-3.68,0.00842229,0.00042229,0.00042229
-3.67875,0.00808849,8.85E-05,8.85E-05
-3.6775,0.0064195,-0.0015805,-0.0015805
-3.67625,0.0060857,-0.0019143,-0.0019143
-3.675,0.0067533,-0.0012467,-0.0012467
-3.67375,0.0074209,-0.0005791,-0.0005791
-3.6725,0.00842229,0.00042229,0.00042229
-3.67125,0.00875609,0.00075609,0.00075609
-3.67,0.00842229,0.00042229,0.00042229
-3.66875,0.00808849,8.85E-05,8.85E-05
-3.6675,0.00908989,0.00108989,0.00108989
-3.66625,0.0110927,0.0030927,0.0030927
-3.665,0.0100913,0.0020913,0.0020913
-3.66375,0.00808849,8.85E-05,8.85E-05
-3.6625,0.0074209,-0.0005791,-0.0005791
-3.66125,0.0070871,-0.0009129,-0.0009129
-3.66,0.00842229,0.00042229,0.00042229
-3.65875,0.00808849,8.85E-05,8.85E-05
-3.6575,0.0060857,-0.0019143,-0.0019143
-3.65625,0.0057519,-0.0022481,-0.0022481
-3.655,0.0067533,-0.0012467,-0.0012467
-3.65375,0.0074209,-0.0005791,-0.0005791
-3.6525,0.00842229,0.00042229,0.00042229
-3.65125,0.00842229,0.00042229,0.00042229
-3.65,0.00842229,0.00042229,0.00042229
-3.64875,0.00808849,8.85E-05,8.85E-05
-3.6475,0.00908989,0.00108989,0.00108989
-3.64625,0.0114265,0.0034265,0.0034265
-3.645,0.0104251,0.0024251,0.0024251
-3.64375,0.00842229,0.00042229,0.00042229
-3.6425,0.0074209,-0.0005791,-0.0005791
-3.64125,0.0070871,-0.0009129,-0.0009129
-3.64,0.00842229,0.00042229,0.00042229
-3.63875,0.00808849,8.85E-05,8.85E-05
-3.6375,0.0060857,-0.0019143,-0.0019143
-3.63625,0.0060857,-0.0019143,-0.0019143
-3.635,0.0067533,-0.0012467,-0.0012467
-3.63375,0.00775469,-0.00024531,-0.00024531
-3.6325,0.00875609,0.00075609,0.00075609
-3.63125,0.00875609,0.00075609,0.00075609
-3.63,0.00842229,0.00042229,0.00042229
-3.62875,0.00808849,8.85E-05,8.85E-05
-3.6275,0.00942369,0.00142369,0.00142369
-3.62625,0.0110927,0.0030927,0.0030927
-3.625,0.0100913,0.0020913,0.0020913
-3.62375,0.00808849,8.85E-05,8.85E-05
-3.6225,0.0074209,-0.0005791,-0.0005791
-3.62125,0.0070871,-0.0009129,-0.0009129
-3.62,0.00842229,0.00042229,0.00042229
-3.61875,0.00808849,8.85E-05,8.85E-05
-3.6175,0.0060857,-0.0019143,-0.0019143
-3.61625,0.0060857,-0.0019143,-0.0019143
-3.615,0.0067533,-0.0012467,-0.0012467
-3.61375,0.0074209,-0.0005791,-0.0005791
-3.6125,0.00842229,0.00042229,0.00042229
-3.61125,0.00842229,0.00042229,0.00042229
-3.61,0.00842229,0.00042229,0.00042229
-3.60875,0.00808849,8.85E-05,8.85E-05
-3.6075,0.00908989,0.00108989,0.00108989
-3.60625,0.0110927,0.0030927,0.0030927
-3.605,0.0100913,0.0020913,0.0020913
-3.60375,0.00808849,8.85E-05,8.85E-05
-3.6025,0.0074209,-0.0005791,-0.0005791
-3.60125,0.0070871,-0.0009129,-0.0009129
-3.6,0.00842229,0.00042229,0.00042229
-3.59875,0.00808849,8.85E-05,8.85E-05
-3.5975,0.0060857,-0.0019143,-0.0019143
-3.59625,0.0060857,-0.0019143,-0.0019143
-3.595,0.0067533,-0.0012467,-0.0012467
-3.59375,0.0074209,-0.0005791,-0.0005791
-3.5925,0.00842229,0.00042229,0.00042229
-3.59125,0.00842229,0.00042229,0.00042229
-3.59,0.00842229,0.00042229,0.00042229
-3.58875,0.00808849,8.85E-05,8.85E-05
-3.5875,0.00908989,0.00108989,0.00108989
-3.58625,0.0110927,0.0030927,0.0030927
-3.585,0.0100913,0.0020913,0.0020913
-3.58375,0.00808849,8.85E-05,8.85E-05
-3.5825,0.0070871,-0.0009129,-0.0009129
-3.58125,0.0067533,-0.0012467,-0.0012467
-3.58,0.00808849,8.85E-05,8.85E-05
-3.57875,0.00808849,8.85E-05,8.85E-05
-3.5775,0.0060857,-0.0019143,-0.0019143
-3.57625,0.0057519,-0.0022481,-0.0022481
-3.575,0.0067533,-0.0012467,-0.0012467
-3.57375,0.0074209,-0.0005791,-0.0005791
-3.5725,0.00842229,0.00042229,0.00042229
-3.57125,0.00842229,0.00042229,0.00042229
-3.57,0.00842229,0.00042229,0.00042229
-3.56875,0.00808849,8.85E-05,8.85E-05
-3.5675,0.00908989,0.00108989,0.00108989
-3.56625,0.0110927,0.0030927,0.0030927
-3.565,0.0100913,0.0020913,0.0020913
-3.56375,0.00808849,8.85E-05,8.85E-05
-3.5625,0.0070871,-0.0009129,-0.0009129
-3.56125,0.0067533,-0.0012467,-0.0012467
-3.56,0.00842229,0.00042229,0.00042229
-3.55875,0.00808849,8.85E-05,8.85E-05
-3.5575,0.0060857,-0.0019143,-0.0019143
-3.55625,0.0060857,-0.0019143,-0.0019143
-3.555,0.0067533,-0.0012467,-0.0012467
-3.55375,0.00775469,-0.00024531,-0.00024531
-3.5525,0.00875609,0.00075609,0.00075609
-3.55125,0.00842229,0.00042229,0.00042229
-3.55,0.00842229,0.00042229,0.00042229
-3.54875,0.00808849,8.85E-05,8.85E-05
-3.5475,0.00942369,0.00142369,0.00142369
-3.54625,0.0110927,0.0030927,0.0030927
-3.545,0.0100913,0.0020913,0.0020913
-3.54375,0.00808849,8.85E-05,8.85E-05
-3.5425,0.0070871,-0.0009129,-0.0009129
-3.54125,0.0070871,-0.0009129,-0.0009129
-3.54,0.00842229,0.00042229,0.00042229
-3.53875,0.00808849,8.85E-05,8.85E-05
-3.5375,0.0060857,-0.0019143,-0.0019143
-3.53625,0.0057519,-0.0022481,-0.0022481
-3.535,0.0067533,-0.0012467,-0.0012467
-3.53375,0.00775469,-0.00024531,-0.00024531
-3.5325,0.00875609,0.00075609,0.00075609
-3.53125,0.00842229,0.00042229,0.00042229
-3.53,0.00842229,0.00042229,0.00042229
-3.52875,0.00808849,8.85E-05,8.85E-05
-3.5275,0.00908989,0.00108989,0.00108989
-3.52625,0.0114265,0.0034265,0.0034265
-3.525,0.00975749,0.00175749,0.00175749
-3.52375,0.00808849,8.85E-05,8.85E-05
-3.5225,0.0070871,-0.0009129,-0.0009129
-3.52125,0.0070871,-0.0009129,-0.0009129
-3.52,0.00842229,0.00042229,0.00042229
-3.51875,0.00808849,8.85E-05,8.85E-05
-3.5175,0.0060857,-0.0019143,-0.0019143
-3.51625,0.0057519,-0.0022481,-0.0022481
-3.515,0.0067533,-0.0012467,-0.0012467
-3.51375,0.00775469,-0.00024531,-0.00024531
-3.5125,0.00842229,0.00042229,0.00042229
-3.51125,0.00842229,0.00042229,0.00042229
-3.51,0.00842229,0.00042229,0.00042229
-3.50875,0.00808849,8.85E-05,8.85E-05
-3.5075,0.00908989,0.00108989,0.00108989
-3.50625,0.0110927,0.0030927,0.0030927
-3.505,0.00975749,0.00175749,0.00175749
-3.50375,0.00808849,8.85E-05,8.85E-05
-3.5025,0.0070871,-0.0009129,-0.0009129
-3.50125,0.0070871,-0.0009129,-0.0009129
-3.5,0.00842229,0.00042229,0.00042229
-3.49875,0.00808849,0.00808849,0.00808849
-3.4975,0.0060857,0.0060857,0.0060857
-3.49625,0.0060857,0.0060857,0.0060857
-3.495,0.0067533,0.0067533,0.0067533
-3.49375,0.00775469,0.00775469,0.00775469
-3.4925,0.00842229,0.00842229,0.00842229
-3.49125,0.0197715,0.0197715,0.0197715
-3.49,0.0221081,0.0221081,0.0221081
-3.48875,0.0217743,0.0217743,0.0217743
-3.4875,0.0224419,0.0224419,0.0224419
-3.48625,0.0241109,0.0241109,0.0241109
-3.485,0.0224419,0.0224419,0.0224419
-3.48375,0.0207729,0.0207729,0.0207729
-3.4825,0.0197715,0.0197715,0.0197715
-3.48125,0.0197715,0.0197715,0.0197715
-3.48,0.0217743,0.0217743,0.0217743
-3.47875,0.0207729,0.0207729,0.0207729
-3.4775,0.0201053,0.0201053,0.0201053
-3.47625,0.0221081,0.0221081,0.0221081
-3.475,0.0231095,0.0231095,0.0231095
-3.47375,0.0237771,0.0237771,0.0237771
-3.4725,0.0247785,0.0247785,0.0247785
-3.47125,0.0247785,0.0247785,0.0247785
-3.47,0.0214405,0.0214405,0.0214405
-3.46875,0.0211067,0.0211067,0.0211067
-3.4675,0.0224419,0.0224419,0.0224419
-3.46625,0.0241109,0.0241109,0.0241109
-3.465,0.0227757,0.0227757,0.0227757
-3.46375,0.0204391,0.0204391,0.0204391
-3.4625,0.0261136,0.0261136,0.0261136
-3.46125,0.043805,0.043805,0.043805
-3.46,0.0461416,0.0461416,0.0461416
-3.45875,0.0461416,0.0461416,0.0461416
-3.4575,0.0441388,0.0441388,0.0441388
-3.45625,0.043805,0.043805,0.043805
-3.455,0.0448064,0.0448064,0.0448064
-3.45375,0.0461416,0.0461416,0.0461416
-3.4525,0.0468092,0.0468092,0.0468092
-3.45125,0.0468092,0.0468092,0.0468092
-3.45,0.0464754,0.0464754,0.0464754
-3.44875,0.0461416,0.0461416,0.0461416
-3.4475,0.0478106,0.0478106,0.0478106
-3.44625,0.0491458,0.0491458,0.0491458
-3.445,0.0474768,0.0474768,0.0474768
-3.44375,0.0461416,0.0461416,0.0461416
-3.4425,0.0448064,0.0448064,0.0448064
-3.44125,0.0451402,0.0451402,0.0451402
-3.44,0.0461416,0.0461416,0.0461416
-3.43875,0.0461416,0.0461416,0.0461416
-3.4375,0.043805,0.043805,0.043805
-3.43625,0.0441388,0.0441388,0.0441388
-3.435,0.0448064,0.0448064,0.0448064
-3.43375,0.0461416,0.0461416,0.0461416
-3.4325,0.0468092,0.0468092,0.0468092
-3.43125,0.0468092,0.0468092,0.0468092
-3.43,0.0464754,0.0464754,0.0464754
-3.42875,0.0464754,0.0464754,0.0464754
-3.4275,0.0474768,0.0474768,0.0474768
-3.42625,0.0491458,0.0491458,0.0491458
-3.425,0.0474768,0.0474768,0.0474768
-3.42375,0.045474,0.045474,0.045474
-3.4225,0.0444726,0.0444726,0.0444726
-3.42125,0.0448064,0.0448064,0.0448064
-3.42,0.0458078,0.0458078,0.0458078
-3.41875,0.045474,0.045474,0.045474
-3.4175,0.043805,0.043805,0.043805
-3.41625,0.0431374,0.0431374,0.0431374
-3.415,0.0444726,0.0444726,0.0444726
-3.41375,0.0458078,0.0458078,0.0458078
-3.4125,0.0464754,0.0464754,0.0464754
-3.41125,0.0464754,0.0464754,0.0464754
-3.41,0.0464754,0.0464754,0.0464754
-3.40875,0.0461416,0.0461416,0.0461416
-3.4075,0.0474768,0.0474768,0.0474768
-3.40625,0.0494796,0.0494796,0.0494796
-3.405,0.0478106,0.0478106,0.0478106
-3.40375,0.0458078,0.0458078,0.0458078
-3.4025,0.0448064,0.0448064,0.0448064
-3.40125,0.0451402,0.0451402,0.0451402
-3.4,0.0461416,0.0461416,0.0461416
-3.39875,0.0458078,0.0458078,0.0458078
-3.3975,0.043805,0.043805,0.043805
-3.39625,0.0441388,0.0441388,0.0441388
-3.395,0.0448064,0.0448064,0.0448064
-3.39375,0.0461416,0.0461416,0.0461416
-3.3925,0.0468092,0.0468092,0.0468092
-3.39125,0.0468092,0.0468092,0.0468092
-3.39,0.0464754,0.0464754,0.0464754
-3.38875,0.0464754,0.0464754,0.0464754
-3.3875,0.0474768,0.0474768,0.0474768
-3.38625,0.0494796,0.0494796,0.0494796
-3.385,0.0478106,0.0478106,0.0478106
-3.38375,0.0458078,0.0458078,0.0458078
-3.3825,0.0451402,0.0451402,0.0451402
-3.38125,0.0451402,0.0451402,0.0451402
-3.38,0.0461416,0.0461416,0.0461416
-3.37875,0.0458078,0.0458078,0.0458078
-3.3775,0.0441388,0.0441388,0.0441388
-3.37625,0.043805,0.043805,0.043805
-3.375,0.0448064,0.0448064,0.0448064
-3.37375,0.0458078,0.0458078,0.0458078
-3.3725,0.0468092,0.0468092,0.0468092
-3.37125,0.0464754,0.0464754,0.0464754
-3.37,0.0464754,0.0464754,0.0464754
-3.36875,0.0461416,0.0461416,0.0461416
-3.3675,0.0478106,0.0478106,0.0478106
-3.36625,0.0494796,0.0494796,0.0494796
-3.365,0.0478106,0.0478106,0.0478106
-3.36375,0.0458078,0.0458078,0.0458078
-3.3625,0.0451402,0.0451402,0.0451402
-3.36125,0.0451402,0.0451402,0.0451402
-3.36,0.0461416,0.0461416,0.0461416
-3.35875,0.0458078,0.0458078,0.0458078
-3.3575,0.0441388,0.0441388,0.0441388
-3.35625,0.0441388,0.0441388,0.0441388
-3.355,0.0448064,0.0448064,0.0448064
-3.35375,0.0461416,0.0461416,0.0461416
-3.3525,0.0468092,0.0468092,0.0468092
-3.35125,0.0464754,0.0464754,0.0464754
-3.35,0.0464754,0.0464754,0.0464754
-3.34875,0.0461416,0.0461416,0.0461416
-3.3475,0.0474768,0.0474768,0.0474768
-3.34625,0.0494796,0.0494796,0.0494796
-3.345,0.0474768,0.0474768,0.0474768
-3.34375,0.0458078,0.0458078,0.0458078
-3.3425,0.0448064,0.0448064,0.0448064
-3.34125,0.045474,0.045474,0.045474
-3.34,0.0461416,0.0461416,0.0461416
-3.33875,0.0458078,0.0458078,0.0458078
-3.3375,0.043805,0.043805,0.043805
-3.33625,0.0441388,0.0441388,0.0441388
-3.335,0.0448064,0.0448064,0.0448064
-3.33375,0.0461416,0.0461416,0.0461416
-3.3325,0.0468092,0.0468092,0.0468092
-3.33125,0.0468092,0.0468092,0.0468092
-3.33,0.0464754,0.0464754,0.0464754
-3.32875,0.0461416,0.0461416,0.0461416
-3.3275,0.0474768,0.0474768,0.0474768
-3.32625,0.0498134,0.0498134,0.0498134
-3.325,0.0478106,0.0478106,0.0478106
-3.32375,0.0458078,0.0458078,0.0458078
-3.3225,0.0451402,0.0451402,0.0451402
-3.32125,0.0451402,0.0451402,0.0451402
-3.32,0.0461416,0.0461416,0.0461416
-3.31875,0.0458078,0.0458078,0.0458078
-3.3175,0.043805,0.043805,0.043805
-3.31625,0.043805,0.043805,0.043805
-3.315,0.0448064,0.0448064,0.0448064
-3.31375,0.0461416,0.0461416,0.0461416
-3.3125,0.0468092,0.0468092,0.0468092
-3.31125,0.0464754,0.0464754,0.0464754
-3.31,0.0464754,0.0464754,0.0464754
-3.30875,0.0461416,0.0461416,0.0461416
-3.3075,0.0478106,0.0478106,0.0478106
-3.30625,0.0494796,0.0494796,0.0494796
-3.305,0.0478106,0.0478106,0.0478106
-3.30375,0.045474,0.045474,0.045474
-3.3025,0.0451402,0.0451402,0.0451402
-3.30125,0.0451402,0.0451402,0.0451402
-3.3,0.0461416,0.0461416,0.0461416
-3.29875,0.0458078,0.0458078,0.0458078
-3.2975,0.043805,0.043805,0.043805
-3.29625,0.0441388,0.0441388,0.0441388
-3.295,0.0448064,0.0448064,0.0448064
-3.29375,0.0461416,0.0461416,0.0461416
-3.2925,0.0468092,0.0468092,0.0468092
-3.29125,0.0464754,0.0464754,0.0464754
-3.29,0.0464754,0.0464754,0.0464754
-3.28875,0.0461416,0.0461416,0.0461416
-3.2875,0.0474768,0.0474768,0.0474768
-3.28625,0.0494796,0.0494796,0.0494796
-3.285,0.0474768,0.0474768,0.0474768
-3.28375,0.0458078,0.0458078,0.0458078
-3.2825,0.0448064,0.0448064,0.0448064
-3.28125,0.045474,0.045474,0.045474
-3.28,0.0461416,0.0461416,0.0461416
-3.27875,0.0458078,0.0458078,0.0458078
-3.2775,0.043805,0.043805,0.043805
-3.27625,0.0441388,0.0441388,0.0441388
-3.275,0.0444726,0.0444726,0.0444726
-3.27375,0.0464754,0.0464754,0.0464754
-3.2725,0.0468092,0.0468092,0.0468092
-3.27125,0.0464754,0.0464754,0.0464754
-3.27,0.0464754,0.0464754,0.0464754
-3.26875,0.0461416,0.0461416,0.0461416
-3.2675,0.0474768,0.0474768,0.0474768
-3.26625,0.0494796,0.0494796,0.0494796
-3.265,0.0474768,0.0474768,0.0474768
-3.26375,0.045474,0.045474,0.045474
-3.2625,0.0448064,0.0448064,0.0448064
-3.26125,0.0451402,0.0451402,0.0451402
-3.26,0.0461416,0.0461416,0.0461416
-3.25875,0.045474,0.045474,0.045474
-3.2575,0.043805,0.043805,0.043805
-3.25625,0.043805,0.043805,0.043805
-3.255,0.0448064,0.0448064,0.0448064
-3.25375,0.0461416,0.0461416,0.0461416
-3.2525,0.0468092,0.0468092,0.0468092
-3.25125,0.0464754,0.0464754,0.0464754
-3.25,0.0464754,0.0464754,0.0464754
-3.24875,0.0461416,0.0461416,0.0461416
-3.2475,0.0478106,0.0478106,0.0478106
-3.24625,0.0494796,0.0494796,0.0494796
-3.245,0.0478106,0.0478106,0.0478106
-3.24375,0.045474,0.045474,0.045474
-3.2425,0.0448064,0.0448064,0.0448064
-3.24125,0.0451402,0.0451402,0.0451402
-3.24,0.0461416,0.0461416,0.0461416
-3.23875,0.045474,0.045474,0.045474
-3.2375,0.043805,0.043805,0.043805
-3.23625,0.043805,0.043805,0.043805
-3.235,0.0448064,0.0448064,0.0448064
-3.23375,0.0461416,0.0461416,0.0461416
-3.2325,0.0464754,0.0464754,0.0464754
-3.23125,0.0464754,0.0464754,0.0464754
-3.23,0.0461416,0.0461416,0.0461416
-3.22875,0.0458078,0.0458078,0.0458078
-3.2275,0.0474768,0.0474768,0.0474768
-3.22625,0.0491458,0.0491458,0.0491458
-3.225,0.047143,0.047143,0.047143
-3.22375,0.045474,0.045474,0.045474
-3.2225,0.0444726,0.0444726,0.0444726
-3.22125,0.0451402,0.0451402,0.0451402
-3.22,0.0458078,0.0458078,0.0458078
-3.21875,0.045474,0.045474,0.045474
-3.2175,0.0434712,0.0434712,0.0434712
-3.21625,0.043805,0.043805,0.043805
-3.215,0.0444726,0.0444726,0.0444726
-3.21375,0.0461416,0.0461416,0.0461416
-3.2125,0.0464754,0.0464754,0.0464754
-3.21125,0.0461416,0.0461416,0.0461416
-3.21,0.0461416,0.0461416,0.0461416
-3.20875,0.0458078,0.0458078,0.0458078
-3.2075,0.0474768,0.0474768,0.0474768
-3.20625,0.0491458,0.0491458,0.0491458
-3.205,0.047143,0.047143,0.047143
-3.20375,0.0451402,0.0451402,0.0451402
-3.2025,0.0444726,0.0444726,0.0444726
-3.20125,0.0451402,0.0451402,0.0451402
-3.2,0.0458078,0.0458078,0.0458078
-3.19875,0.045474,0.045474,0.045474
-3.1975,0.0434712,0.0434712,0.0434712
-3.19625,0.0434712,0.0434712,0.0434712
-3.195,0.0441388,0.0441388,0.0441388
-3.19375,0.0461416,0.0461416,0.0461416
-3.1925,0.0461416,0.0461416,0.0461416
-3.19125,0.0448064,0.0448064,0.0448064
-3.19,0.0444726,0.0444726,0.0444726
-3.18875,0.0441388,0.0441388,0.0441388
-3.1875,0.0458078,0.0458078,0.0458078
-3.18625,0.0474768,0.0474768,0.0474768
-3.185,0.045474,0.045474,0.045474
-3.18375,0.0434712,0.0434712,0.0434712
-3.1825,0.0428036,0.0428036,0.0428036
-3.18125,0.0431374,0.0431374,0.0431374
-3.18,0.043805,0.043805,0.043805
-3.17875,0.0434712,0.0434712,0.0434712
-3.1775,0.0424698,0.0424698,0.0424698
-3.17625,0.040467,0.040467,0.040467
-3.175,0.0397994,0.0397994,0.0397994
-3.17375,0.0397994,0.0397994,0.0397994
-3.1725,0.0401332,0.0401332,0.0401332
-3.17125,0.0397994,0.0397994,0.0397994
-3.17,0.0397994,0.0397994,0.0397994
-3.16875,0.0394656,0.0394656,0.0394656
-3.1675,0.0464754,0.0464754,0.0464754
-3.16625,0.0578246,0.0578246,0.0578246
-3.165,0.0584922,0.0584922,0.0584922
-3.16375,0.0574908,0.0574908,0.0574908
-3.1625,0.0598274,0.0598274,0.0598274
-3.16125,0.0601612,0.0601612,0.0601612
-3.16,0.0611626,0.0611626,0.0611626
-3.15875,0.0614964,0.0614964,0.0614964
-3.1575,0.0598274,0.0598274,0.0598274
-3.15625,0.0568232,0.0568232,0.0568232
-3.155,0.0534852,0.0534852,0.0534852
-3.15375,0.0608288,0.0608288,0.0608288
-3.1525,0.0634992,0.0634992,0.0634992
-3.15125,0.0634992,0.0634992,0.0634992
-3.15,0.0574908,0.0574908,0.0574908
-3.14875,0.0608288,0.0608288,0.0608288
-3.1475,0.0581584,0.0581584,0.0581584
-3.14625,0.057157,0.057157,0.057157
-3.145,0.0581584,0.0581584,0.0581584
-3.14375,0.0491458,0.0491458,0.0491458
-3.1425,0.0444726,0.0444726,0.0444726
-3.14125,0.0461416,0.0461416,0.0461416
-3.14,0.0468092,0.0468092,0.0468092
-3.13875,0.0464754,0.0464754,0.0464754
-3.1375,0.0448064,0.0448064,0.0448064
-3.13625,0.0448064,0.0448064,0.0448064
-3.135,0.045474,0.045474,0.045474
-3.13375,0.047143,0.047143,0.047143
-3.1325,0.0474768,0.0474768,0.0474768
-3.13125,0.0474768,0.0474768,0.0474768
-3.13,0.047143,0.047143,0.047143
-3.12875,0.047143,0.047143,0.047143
-3.1275,0.0484782,0.0484782,0.0484782
-3.12625,0.050481,0.050481,0.050481
-3.125,0.0484782,0.0484782,0.0484782
-3.12375,0.0464754,0.0464754,0.0464754
-3.1225,0.0458078,0.0458078,0.0458078
-3.12125,0.0464754,0.0464754,0.0464754
-3.12,0.047143,0.047143,0.047143
-3.11875,0.0464754,0.0464754,0.0464754
-3.1175,0.0448064,0.0448064,0.0448064
-3.11625,0.0448064,0.0448064,0.0448064
-3.115,0.045474,0.045474,0.045474
-3.11375,0.047143,0.047143,0.047143
-3.1125,0.0478106,0.0478106,0.0478106
-3.11125,0.0474768,0.0474768,0.0474768
-3.11,0.047143,0.047143,0.047143
-3.10875,0.047143,0.047143,0.047143
-3.1075,0.0484782,0.0484782,0.0484782
-3.10625,0.050481,0.050481,0.050481
-3.105,0.0484782,0.0484782,0.0484782
-3.10375,0.0461416,0.0461416,0.0461416
-3.1025,0.0458078,0.0458078,0.0458078
-3.10125,0.0464754,0.0464754,0.0464754
-3.1,0.0468092,0.0468092,0.0468092
-3.09875,0.0464754,0.0464754,0.0464754
-3.0975,0.0444726,0.0444726,0.0444726
-3.09625,0.0448064,0.0448064,0.0448064
-3.095,0.045474,0.045474,0.045474
-3.09375,0.047143,0.047143,0.047143
-3.0925,0.0474768,0.0474768,0.0474768
-3.09125,0.0474768,0.0474768,0.0474768
-3.09,0.047143,0.047143,0.047143
-3.08875,0.047143,0.047143,0.047143
-3.0875,0.0484782,0.0484782,0.0484782
-3.08625,0.050481,0.050481,0.050481
-3.085,0.0481444,0.0481444,0.0481444
-3.08375,0.0461416,0.0461416,0.0461416
-3.0825,0.0458078,0.0458078,0.0458078
-3.08125,0.0461416,0.0461416,0.0461416
-3.08,0.0468092,0.0468092,0.0468092
-3.07875,0.0464754,0.0464754,0.0464754
-3.0775,0.0444726,0.0444726,0.0444726
-3.07625,0.0448064,0.0448064,0.0448064
-3.075,0.045474,0.045474,0.045474
-3.07375,0.047143,0.047143,0.047143
-3.0725,0.0474768,0.0474768,0.0474768
-3.07125,0.0474768,0.0474768,0.0474768
-3.07,0.047143,0.047143,0.047143
-3.06875,0.047143,0.047143,0.047143
-3.0675,0.0484782,0.0484782,0.0484782
-3.06625,0.050481,0.050481,0.050481
-3.065,0.0481444,0.0481444,0.0481444
-3.06375,0.0461416,0.0461416,0.0461416
-3.0625,0.0458078,0.0458078,0.0458078
-3.06125,0.0464754,0.0464754,0.0464754
-3.06,0.0468092,0.0468092,0.0468092
-3.05875,0.0461416,0.0461416,0.0461416
-3.0575,0.0444726,0.0444726,0.0444726
-3.05625,0.0448064,0.0448064,0.0448064
-3.055,0.045474,0.045474,0.045474
-3.05375,0.047143,0.047143,0.047143
-3.0525,0.0474768,0.0474768,0.0474768
-3.05125,0.0474768,0.0474768,0.0474768
-3.05,0.047143,0.047143,0.047143
-3.04875,0.047143,0.047143,0.047143
-3.0475,0.048812,0.048812,0.048812
-3.04625,0.050481,0.050481,0.050481
-3.045,0.0481444,0.0481444,0.0481444
-3.04375,0.0508148,0.0508148,0.0508148
-3.0425,0.047143,0.047143,0.047143
-3.04125,0.047143,0.047143,0.047143
-3.04,0.0474768,0.0474768,0.0474768
-3.03875,0.0468092,0.0468092,0.0468092
-3.0375,0.045474,0.045474,0.045474
-3.03625,0.0458078,0.0458078,0.0458078
-3.035,0.0461416,0.0461416,0.0461416
-3.03375,0.0478106,0.0478106,0.0478106
-3.0325,0.0481444,0.0481444,0.0481444
-3.03125,0.0481444,0.0481444,0.0481444
-3.03,0.0478106,0.0478106,0.0478106
-3.02875,0.0478106,0.0478106,0.0478106
-3.0275,0.0494796,0.0494796,0.0494796
-3.02625,0.0511486,0.0511486,0.0511486
-3.025,0.048812,0.048812,0.048812
-3.02375,0.047143,0.047143,0.047143
-3.0225,0.0464754,0.0464754,0.0464754
-3.02125,0.047143,0.047143,0.047143
-3.02,0.0474768,0.0474768,0.0474768
-3.01875,0.0468092,0.0468092,0.0468092
-3.0175,0.045474,0.045474,0.045474
-3.01625,0.0458078,0.0458078,0.0458078
-3.015,0.0464754,0.0464754,0.0464754
-3.01375,0.0478106,0.0478106,0.0478106
-3.0125,0.0481444,0.0481444,0.0481444
-3.01125,0.0481444,0.0481444,0.0481444
-3.01,0.0478106,0.0478106,0.0478106
-3.00875,0.0478106,0.0478106,0.0478106
-3.0075,0.0494796,0.0494796,0.0494796
-3.00625,0.0511486,0.0511486,0.0511486
-3.005,0.048812,0.048812,0.048812
-3.00375,0.047143,0.047143,0.047143
-3.0025,0.0464754,0.0464754,0.0464754
-3.00125,0.047143,0.047143,0.047143
-3,0.0474768,0.0474768,0.0474768
-2.99875,0.0468092,0.0468092,0.0468092
-2.9975,0.0451402,0.0451402,0.0451402
-2.99625,0.0458078,0.0458078,0.0458078
-2.995,0.0461416,0.0461416,0.0461416
-2.99375,0.0478106,0.0478106,0.0478106
-2.9925,0.0481444,0.0481444,0.0481444
-2.99125,0.0481444,0.0481444,0.0481444
-2.99,0.0478106,0.0478106,0.0478106
-2.98875,0.0478106,0.0478106,0.0478106
-2.9875,0.0494796,0.0494796,0.0494796
-2.98625,0.0511486,0.0511486,0.0511486
-2.985,0.048812,0.048812,0.048812
-2.98375,0.047143,0.047143,0.047143
-2.9825,0.0464754,0.0464754,0.0464754
-2.98125,0.047143,0.047143,0.047143
-2.98,0.0474768,0.0474768,0.0474768
-2.97875,0.0468092,0.0468092,0.0468092
-2.9775,0.045474,0.045474,0.045474
-2.97625,0.0458078,0.0458078,0.0458078
-2.975,0.0461416,0.0461416,0.0461416
-2.97375,0.0478106,0.0478106,0.0478106
-2.9725,0.0481444,0.0481444,0.0481444
-2.97125,0.0481444,0.0481444,0.0481444
-2.97,0.0478106,0.0478106,0.0478106
-2.96875,0.0478106,0.0478106,0.0478106
-2.9675,0.0494796,0.0494796,0.0494796
-2.96625,0.0508148,0.0508148,0.0508148
-2.965,0.048812,0.048812,0.048812
-2.96375,0.0468092,0.0468092,0.0468092
-2.9625,0.0461416,0.0461416,0.0461416
-2.96125,0.047143,0.047143,0.047143
-2.96,0.0474768,0.0474768,0.0474768
-2.95875,0.0468092,0.0468092,0.0468092
-2.9575,0.0451402,0.0451402,0.0451402
-2.95625,0.0458078,0.0458078,0.0458078
-2.955,0.0461416,0.0461416,0.0461416
-2.95375,0.0478106,0.0478106,0.0478106
-2.9525,0.0481444,0.0481444,0.0481444
-2.95125,0.0481444,0.0481444,0.0481444
-2.95,0.0478106,0.0478106,0.0478106
-2.94875,0.0478106,0.0478106,0.0478106
-2.9475,0.0494796,0.0494796,0.0494796
-2.94625,0.0508148,0.0508148,0.0508148
-2.945,0.048812,0.048812,0.048812
-2.94375,0.0514824,0.0514824,0.0514824
-2.9425,0.055488,0.055488,0.055488
-2.94125,0.0755159,0.0755159,0.0755159
-2.94,0.0775187,0.0775187,0.0775187
-2.93875,0.0307868,0.0307868,0.0307868
-2.9375,0.0277826,0.0277826,0.0277826
-2.93625,0.028784,0.028784,0.028784
-2.935,0.0274488,0.0274488,0.0274488
-2.93375,0.030453,0.030453,0.030453
-2.9325,0.0291178,0.0291178,0.0291178
-2.93125,0.0294516,0.0294516,0.0294516
-2.93,0.0291178,0.0291178,0.0291178
-2.92875,0.0281164,0.0281164,0.0281164
-2.9275,0.0307868,0.0307868,0.0307868
-2.92625,0.030453,0.030453,0.030453
-2.925,0.0297854,0.0297854,0.0297854
-2.92375,0.027115,0.027115,0.027115
-2.9225,0.0261136,0.0261136,0.0261136
-2.92125,0.0277826,0.0277826,0.0277826
-2.92,0.0267812,0.0267812,0.0267812
-2.91875,0.0274488,0.0274488,0.0274488
-2.9175,0.0244447,0.0244447,0.0244447
-2.91625,0.0261136,0.0261136,0.0261136
-2.915,0.0264474,0.0264474,0.0264474
-2.91375,0.027115,0.027115,0.027115
-2.9125,0.0284502,0.0284502,0.0284502
-2.91125,0.0267812,0.0267812,0.0267812
-2.91,0.0281164,0.0281164,0.0281164
-2.90875,0.027115,0.027115,0.027115
-2.9075,0.0294516,0.0294516,0.0294516
-2.90625,0.0307868,0.0307868,0.0307868
-2.905,0.0274488,0.0274488,0.0274488
-2.90375,0.027115,0.027115,0.027115
-2.9025,0.0251123,0.0251123,0.0251123
-2.90125,0.0274488,0.0274488,0.0274488
-2.9,0.0267812,0.0267812,0.0267812
-2.89875,0.0264474,0.0264474,0.0264474
-2.8975,0.0254461,0.0254461,0.0254461
-2.89625,0.0244447,0.0244447,0.0244447
-2.895,0.0264474,0.0264474,0.0264474
-2.89375,0.0264474,0.0264474,0.0264474
-2.8925,0.0281164,0.0281164,0.0281164
-2.89125,0.0274488,0.0274488,0.0274488
-2.89,0.0267812,0.0267812,0.0267812
-2.88875,0.0281164,0.0281164,0.0281164
-2.8875,0.0281164,0.0281164,0.0281164
-2.88625,0.0307868,0.0307868,0.0307868
-2.885,0.0277826,0.0277826,0.0277826
-2.88375,0.0264474,0.0264474,0.0264474
-2.8825,0.0257798,0.0257798,0.0257798
-2.88125,0.0261136,0.0261136,0.0261136
-2.88,0.0274488,0.0274488,0.0274488
-2.87875,0.0254461,0.0254461,0.0254461
-2.8775,0.0254461,0.0254461,0.0254461
-2.87625,0.0247785,0.0247785,0.0247785
-2.875,0.0257798,0.0257798,0.0257798
-2.87375,0.0277826,0.0277826,0.0277826
-2.8725,0.0267812,0.0267812,0.0267812
-2.87125,0.0281164,0.0281164,0.0281164
-2.87,0.0264474,0.0264474,0.0264474
-2.86875,0.0277826,0.0277826,0.0277826
-2.8675,0.028784,0.028784,0.028784
-2.86625,0.0301192,0.0301192,0.0301192
-2.865,0.0284502,0.0284502,0.0284502
-2.86375,0.0254461,0.0254461,0.0254461
-2.8625,0.0264474,0.0264474,0.0264474
-2.86125,0.0261136,0.0261136,0.0261136
-2.86,0.0274488,0.0274488,0.0274488
-2.85875,0.0264474,0.0264474,0.0264474
-2.8575,0.0241109,0.0241109,0.0241109
-2.85625,0.0257798,0.0257798,0.0257798
-2.855,0.0251123,0.0251123,0.0251123
-2.85375,0.0277826,0.0277826,0.0277826
-2.8525,0.027115,0.027115,0.027115
-2.85125,0.0274488,0.0274488,0.0274488
-2.85,0.0274488,0.0274488,0.0274488
-2.84875,0.0267812,0.0267812,0.0267812
-2.8475,0.0297854,0.0297854,0.0297854
-2.84625,0.0294516,0.0294516,0.0294516
-2.845,0.0284502,0.0284502,0.0284502
-2.84375,0.0261136,0.0261136,0.0261136
-2.8425,0.0254461,0.0254461,0.0254461
-2.84125,0.027115,0.027115,0.027115
-2.84,0.0261136,0.0261136,0.0261136
-2.83875,0.0267812,0.0267812,0.0267812
-2.8375,0.0241109,0.0241109,0.0241109
-2.83625,0.0367952,0.0367952,0.0367952
-2.835,0.0394656,0.0394656,0.0394656
-2.83375,0.040467,0.040467,0.040467
-2.8325,0.040467,0.040467,0.040467
-2.83125,0.0391318,0.0391318,0.0391318
-2.83,0.0401332,0.0401332,0.0401332
-2.82875,0.0394656,0.0394656,0.0394656
-2.8275,0.0418022,0.0418022,0.0418022
-2.82625,0.0431374,0.0431374,0.0431374
-2.825,0.0411346,0.0411346,0.0411346
-2.82375,0.0394656,0.0394656,0.0394656
-2.8225,0.0391318,0.0391318,0.0391318
-2.82125,0.0431374,0.0431374,0.0431374
-2.82,0.0428036,0.0428036,0.0428036
-2.81875,0.0418022,0.0418022,0.0418022
-2.8175,0.0411346,0.0411346,0.0411346
-2.81625,0.040467,0.040467,0.040467
-2.815,0.0391318,0.0391318,0.0391318
-2.81375,0.0394656,0.0394656,0.0394656
-2.8125,0.040467,0.040467,0.040467
-2.81125,0.0401332,0.0401332,0.0401332
-2.81,0.0397994,0.0397994,0.0397994
-2.80875,0.040467,0.040467,0.040467
-2.8075,0.0484782,0.0484782,0.0484782
-2.80625,0.0675047,0.0675047,0.0675047
-2.805,0.0651681,0.0651681,0.0651681
-2.80375,0.0645006,0.0645006,0.0645006
-2.8025,0.0641668,0.0641668,0.0641668
-2.80125,0.0641668,0.0641668,0.0641668
-2.8,0.0655019,0.0655019,0.0655019
-2.79875,0.0631654,0.0631654,0.0631654
-2.7975,0.0631654,0.0631654,0.0631654
-2.79625,0.0628316,0.0628316,0.0628316
-2.795,0.0641668,0.0641668,0.0641668
-2.79375,0.0655019,0.0655019,0.0655019
-2.7925,0.0651681,0.0651681,0.0651681
-2.79125,0.0655019,0.0655019,0.0655019
-2.79,0.0645006,0.0645006,0.0645006
-2.78875,0.0658357,0.0658357,0.0658357
-2.7875,0.0671709,0.0671709,0.0671709
-2.78625,0.0681723,0.0681723,0.0681723
-2.785,0.0661695,0.0661695,0.0661695
-2.78375,0.063833,0.063833,0.063833
-2.7825,0.063833,0.063833,0.063833
-2.78125,0.0641668,0.0641668,0.0641668
-2.78,0.0651681,0.0651681,0.0651681
-2.77875,0.0641668,0.0641668,0.0641668
-2.7775,0.0624978,0.0624978,0.0624978
-2.77625,0.063833,0.063833,0.063833
-2.775,0.0631654,0.0631654,0.0631654
-2.77375,0.0658357,0.0658357,0.0658357
-2.7725,0.0651681,0.0651681,0.0651681
-2.77125,0.0651681,0.0651681,0.0651681
-2.77,0.0651681,0.0651681,0.0651681
-2.76875,0.0645006,0.0645006,0.0645006
-2.7675,0.0671709,0.0671709,0.0671709
-2.76625,0.0668371,0.0668371,0.0668371
-2.765,0.0655019,0.0655019,0.0655019
-2.76375,0.063833,0.063833,0.063833
-2.7625,0.0631654,0.0631654,0.0631654
-2.76125,0.0645006,0.0645006,0.0645006
-2.76,0.063833,0.063833,0.063833
-2.75875,0.0641668,0.0641668,0.0641668
-2.7575,0.062164,0.062164,0.062164
-2.75625,0.0634992,0.0634992,0.0634992
-2.755,0.063833,0.063833,0.063833
-2.75375,0.0648344,0.0648344,0.0648344
-2.7525,0.0658357,0.0658357,0.0658357
-2.75125,0.0645006,0.0645006,0.0645006
-2.75,0.0655019,0.0655019,0.0655019
-2.74875,0.0648344,0.0648344,0.0648344
-2.7475,0.0671709,0.0671709,0.0671709
-2.74625,0.0681723,0.0681723,0.0681723
-2.745,0.0651681,0.0651681,0.0651681
-2.74375,0.0645006,0.0645006,0.0645006
-2.7425,0.0628316,0.0628316,0.0628316
-2.74125,0.0648344,0.0648344,0.0648344
-2.74,0.0645006,0.0645006,0.0645006
-2.73875,0.063833,0.063833,0.063833
-2.7375,0.0628316,0.0628316,0.0628316
-2.73625,0.0624978,0.0624978,0.0624978
-2.735,0.0641668,0.0641668,0.0641668
-2.73375,0.0645006,0.0645006,0.0645006
-2.7325,0.0658357,0.0658357,0.0658357
-2.73125,0.0651681,0.0651681,0.0651681
-2.73,0.0648344,0.0648344,0.0648344
-2.72875,0.0658357,0.0658357,0.0658357
-2.7275,0.0665033,0.0665033,0.0665033
-2.72625,0.0685061,0.0685061,0.0685061
-2.725,0.0651681,0.0651681,0.0651681
-2.72375,0.0645006,0.0645006,0.0645006
-2.7225,0.063833,0.063833,0.063833
-2.72125,0.0641668,0.0641668,0.0641668
-2.72,0.0651681,0.0651681,0.0651681
-2.71875,0.0631654,0.0631654,0.0631654
-2.7175,0.0628316,0.0628316,0.0628316
-2.71625,0.0628316,0.0628316,0.0628316
-2.715,0.063833,0.063833,0.063833
-2.71375,0.0655019,0.0655019,0.0655019
-2.7125,0.0648344,0.0648344,0.0648344
-2.71125,0.0655019,0.0655019,0.0655019
-2.71,0.0645006,0.0645006,0.0645006
-2.70875,0.0658357,0.0658357,0.0658357
-2.7075,0.0668371,0.0668371,0.0668371
-2.70625,0.0678385,0.0678385,0.0678385
-2.705,0.0661695,0.0661695,0.0661695
-2.70375,0.0631654,0.0631654,0.0631654
-2.7025,0.0641668,0.0641668,0.0641668
-2.70125,0.0641668,0.0641668,0.0641668
-2.7,0.0651681,0.0651681,0.0651681
-2.69875,0.063833,0.063833,0.063833
-2.6975,0.0624978,0.0624978,0.0624978
-2.69625,0.0634992,0.0634992,0.0634992
-2.695,0.0634992,0.0634992,0.0634992
-2.69375,0.0641668,0.0641668,0.0641668
-2.6925,0.0661695,0.0661695,0.0661695
-2.69125,0.0645006,0.0645006,0.0645006
-2.69,0.0655019,0.0655019,0.0655019
-2.68875,0.0648344,0.0648344,0.0648344
-2.6875,0.0678385,0.0678385,0.0678385
-2.68625,0.0681723,0.0681723,0.0681723
-2.685,0.0655019,0.0655019,0.0655019
-2.68375,0.0645006,0.0645006,0.0645006
-2.6825,0.0628316,0.0628316,0.0628316
-2.68125,0.0651681,0.0651681,0.0651681
-2.68,0.0645006,0.0645006,0.0645006
-2.67875,0.0641668,0.0641668,0.0641668
-2.6775,0.0628316,0.0628316,0.0628316
-2.67625,0.0628316,0.0628316,0.0628316
-2.675,0.0641668,0.0641668,0.0641668
-2.67375,0.0645006,0.0645006,0.0645006
-2.6725,0.0658357,0.0658357,0.0658357
-2.67125,0.0651681,0.0651681,0.0651681
-2.67,0.0651681,0.0651681,0.0651681
-2.66875,0.0661695,0.0661695,0.0661695
-2.6675,0.0665033,0.0665033,0.0665033
-2.66625,0.0681723,0.0681723,0.0681723
-2.665,0.0648344,0.0648344,0.0648344
-2.66375,0.0645006,0.0645006,0.0645006
-2.6625,0.0634992,0.0634992,0.0634992
-2.66125,0.0645006,0.0645006,0.0645006
-2.66,0.0651681,0.0651681,0.0651681
-2.65875,0.0631654,0.0631654,0.0631654
-2.6575,0.0628316,0.0628316,0.0628316
-2.65625,0.0628316,0.0628316,0.0628316
-2.655,0.0641668,0.0641668,0.0641668
-2.65375,0.0655019,0.0655019,0.0655019
-2.6525,0.0651681,0.0651681,0.0651681
-2.65125,0.0658357,0.0658357,0.0658357
-2.65,0.0645006,0.0645006,0.0645006
-2.64875,0.0658357,0.0658357,0.0658357
-2.6475,0.0671709,0.0671709,0.0671709
-2.64625,0.0678385,0.0678385,0.0678385
-2.645,0.0661695,0.0661695,0.0661695
-2.64375,0.0631654,0.0631654,0.0631654
-2.6425,0.063833,0.063833,0.063833
-2.64125,0.0641668,0.0641668,0.0641668
-2.64,0.0651681,0.0651681,0.0651681
-2.63875,0.0634992,0.0634992,0.0634992
-2.6375,0.0628316,0.0628316,0.0628316
-2.63625,0.0634992,0.0634992,0.0634992
-2.635,0.0634992,0.0634992,0.0634992
-2.63375,0.0655019,0.0655019,0.0655019
-2.6325,0.0651681,0.0651681,0.0651681
-2.63125,0.0655019,0.0655019,0.0655019
-2.63,0.0655019,0.0655019,0.0655019
-2.62875,0.0651681,0.0651681,0.0651681
-2.6275,0.0678385,0.0678385,0.0678385
-2.62625,0.0671709,0.0671709,0.0671709
-2.625,0.0658357,0.0658357,0.0658357
-2.62375,0.063833,0.063833,0.063833
-2.6225,0.063833,0.063833,0.063833
-2.62125,0.0651681,0.0651681,0.0651681
-2.62,0.0641668,0.0641668,0.0641668
-2.61875,0.0641668,0.0641668,0.0641668
-2.6175,0.062164,0.062164,0.062164
-2.61625,0.063833,0.063833,0.063833
-2.615,0.063833,0.063833,0.063833
-2.61375,0.0651681,0.0651681,0.0651681
-2.6125,0.0658357,0.0658357,0.0658357
-2.61125,0.0645006,0.0645006,0.0645006
-2.61,0.0655019,0.0655019,0.0655019
-2.60875,0.0651681,0.0651681,0.0651681
-2.6075,0.0675047,0.0675047,0.0675047
-2.60625,0.0678385,0.0678385,0.0678385
-2.605,0.0651681,0.0651681,0.0651681
-2.60375,0.0645006,0.0645006,0.0645006
-2.6025,0.0628316,0.0628316,0.0628316
-2.60125,0.0651681,0.0651681,0.0651681
-2.6,0.0645006,0.0645006,0.0645006
-2.59875,0.063833,0.063833,0.063833
-2.5975,0.0628316,0.0628316,0.0628316
-2.59625,0.0624978,0.0624978,0.0624978
-2.595,0.0645006,0.0645006,0.0645006
-2.59375,0.0648344,0.0648344,0.0648344
-2.5925,0.0661695,0.0661695,0.0661695
-2.59125,0.0651681,0.0651681,0.0651681
-2.59,0.0651681,0.0651681,0.0651681
-2.58875,0.0658357,0.0658357,0.0658357
-2.5875,0.0665033,0.0665033,0.0665033
-2.58625,0.0681723,0.0681723,0.0681723
-2.585,0.0651681,0.0651681,0.0651681
-2.58375,0.0641668,0.0641668,0.0641668
-2.5825,0.0634992,0.0634992,0.0634992
-2.58125,0.0641668,0.0641668,0.0641668
-2.58,0.0655019,0.0655019,0.0655019
-2.57875,0.0628316,0.0628316,0.0628316
-2.5775,0.0631654,0.0631654,0.0631654
-2.57625,0.0628316,0.0628316,0.0628316
-2.575,0.063833,0.063833,0.063833
-2.57375,0.0651681,0.0651681,0.0651681
-2.5725,0.0645006,0.0645006,0.0645006
-2.57125,0.0651681,0.0651681,0.0651681
-2.57,0.0641668,0.0641668,0.0641668
-2.56875,0.0658357,0.0658357,0.0658357
-2.5675,0.0668371,0.0668371,0.0668371
-2.56625,0.0675047,0.0675047,0.0675047
-2.565,0.0655019,0.0655019,0.0655019
-2.56375,0.0628316,0.0628316,0.0628316
-2.5625,0.0634992,0.0634992,0.0634992
-2.56125,0.0641668,0.0641668,0.0641668
-2.56,0.0648344,0.0648344,0.0648344
-2.55875,0.0631654,0.0631654,0.0631654
-2.5575,0.062164,0.062164,0.062164
-2.55625,0.0634992,0.0634992,0.0634992
-2.555,0.0631654,0.0631654,0.0631654
-2.55375,0.0651681,0.0651681,0.0651681
-2.5525,0.0648344,0.0648344,0.0648344
-2.55125,0.0655019,0.0655019,0.0655019
-2.55,0.0651681,0.0651681,0.0651681
-2.54875,0.0648344,0.0648344,0.0648344
-2.5475,0.0675047,0.0675047,0.0675047
-2.54625,0.0668371,0.0668371,0.0668371
-2.545,0.0655019,0.0655019,0.0655019
-2.54375,0.0634992,0.0634992,0.0634992
-2.5425,0.0631654,0.0631654,0.0631654
-2.54125,0.0648344,0.0648344,0.0648344
-2.54,0.063833,0.063833,0.063833
-2.53875,0.0634992,0.0634992,0.0634992
-2.5375,0.0614964,0.0614964,0.0614964
-2.53625,0.0614964,0.0614964,0.0614964
-2.535,0.0618302,0.0618302,0.0618302
-2.53375,0.0631654,0.0631654,0.0631654
-2.5325,0.063833,0.063833,0.063833
-2.53125,0.0624978,0.0624978,0.0624978
-2.53,0.0634992,0.0634992,0.0634992
-2.52875,0.0631654,0.0631654,0.0631654
-2.5275,0.0655019,0.0655019,0.0655019
-2.52625,0.0655019,0.0655019,0.0655019
-2.525,0.0631654,0.0631654,0.0631654
-2.52375,0.0624978,0.0624978,0.0624978
-2.5225,0.0614964,0.0614964,0.0614964
-2.52125,0.0618302,0.0618302,0.0618302
-2.52,0.0594936,0.0594936,0.0594936
-2.51875,0.057157,0.057157,0.057157
-2.5175,0.0564894,0.0564894,0.0564894
-2.51625,0.0561556,0.0561556,0.0561556
-2.515,0.0578246,0.0578246,0.0578246
-2.51375,0.0581584,0.0581584,0.0581584
-2.5125,0.0655019,0.0655019,0.0655019
-2.51125,0.0735131,0.0735131,0.0735131
-2.51,0.0761835,0.0761835,0.0761835
-2.50875,0.0781863,0.0781863,0.0781863
-2.5075,0.0815243,0.0815243,0.0815243
-2.50625,0.0825257,0.0825257,0.0825257
-2.505,0.0801891,0.0801891,0.0801891
-2.50375,0.0805229,0.0805229,0.0805229
-2.5025,0.0795215,0.0795215,0.0795215
-2.50125,0.0771849,0.0771849,0.0771849
-2.5,0.0741807,0.0741807,0.0741807
-2.49875,0.0778525,0.0778525,0.0778525
-2.4975,0.0798553,0.0798553,0.0798553
-2.49625,0.0798553,0.0798553,0.0798553
-2.495,0.0751821,0.0751821,0.0751821
-2.49375,0.0805229,0.0805229,0.0805229
-2.4925,0.0748483,0.0748483,0.0748483
-2.49125,0.0728455,0.0728455,0.0728455
-2.49,0.0728455,0.0728455,0.0728455
-2.48875,0.0591598,0.0591598,0.0591598
-2.4875,0.0484782,0.0484782,0.0484782
-2.48625,0.0494796,0.0494796,0.0494796
-2.485,0.0474768,0.0474768,0.0474768
-2.48375,0.0461416,0.0461416,0.0461416
-2.4825,0.0458078,0.0458078,0.0458078
-2.48125,0.047143,0.047143,0.047143
-2.48,0.0468092,0.0468092,0.0468092
-2.47875,0.045474,0.045474,0.045474
-2.4775,0.0448064,0.0448064,0.0448064
-2.47625,0.045474,0.045474,0.045474
-2.475,0.0461416,0.0461416,0.0461416
-2.47375,0.0474768,0.0474768,0.0474768
-2.4725,0.0474768,0.0474768,0.0474768
-2.47125,0.047143,0.047143,0.047143
-2.47,0.047143,0.047143,0.047143
-2.46875,0.0478106,0.0478106,0.0478106
-2.4675,0.0494796,0.0494796,0.0494796
-2.46625,0.0494796,0.0494796,0.0494796
-2.465,0.0474768,0.0474768,0.0474768
-2.46375,0.0461416,0.0461416,0.0461416
-2.4625,0.045474,0.045474,0.045474
-2.46125,0.047143,0.047143,0.047143
-2.46,0.0468092,0.0468092,0.0468092
-2.45875,0.045474,0.045474,0.045474
-2.4575,0.0448064,0.0448064,0.0448064
-2.45625,0.0451402,0.0451402,0.0451402
-2.455,0.0461416,0.0461416,0.0461416
-2.45375,0.047143,0.047143,0.047143
-2.4525,0.0474768,0.0474768,0.0474768
-2.45125,0.047143,0.047143,0.047143
-2.45,0.047143,0.047143,0.047143
-2.44875,0.0478106,0.0478106,0.0478106
-2.4475,0.0498134,0.0498134,0.0498134
-2.44625,0.0494796,0.0494796,0.0494796
-2.445,0.0474768,0.0474768,0.0474768
-2.44375,0.0461416,0.0461416,0.0461416
-2.4425,0.045474,0.045474,0.045474
-2.44125,0.047143,0.047143,0.047143
-2.44,0.0468092,0.0468092,0.0468092
-2.43875,0.045474,0.045474,0.045474
-2.4375,0.0448064,0.0448064,0.0448064
-2.43625,0.045474,0.045474,0.045474
-2.435,0.0461416,0.0461416,0.0461416
-2.43375,0.047143,0.047143,0.047143
-2.4325,0.0474768,0.0474768,0.0474768
-2.43125,0.047143,0.047143,0.047143
-2.43,0.047143,0.047143,0.047143
-2.42875,0.0478106,0.0478106,0.0478106
-2.4275,0.0498134,0.0498134,0.0498134
-2.42625,0.0494796,0.0494796,0.0494796
-2.425,0.0474768,0.0474768,0.0474768
-2.42375,0.0461416,0.0461416,0.0461416
-2.4225,0.045474,0.045474,0.045474
-2.42125,0.047143,0.047143,0.047143
-2.42,0.0468092,0.0468092,0.0468092
-2.41875,0.045474,0.045474,0.045474
-2.4175,0.0448064,0.0448064,0.0448064
-2.41625,0.045474,0.045474,0.045474
-2.415,0.0461416,0.0461416,0.0461416
-2.41375,0.0474768,0.0474768,0.0474768
-2.4125,0.0474768,0.0474768,0.0474768
-2.41125,0.047143,0.047143,0.047143
-2.41,0.047143,0.047143,0.047143
-2.40875,0.0478106,0.0478106,0.0478106
-2.4075,0.0498134,0.0498134,0.0498134
-2.40625,0.0494796,0.0494796,0.0494796
-2.405,0.0474768,0.0474768,0.0474768
-2.40375,0.0461416,0.0461416,0.0461416
-2.4025,0.045474,0.045474,0.045474
-2.40125,0.047143,0.047143,0.047143
-2.4,0.0468092,0.0468092,0.0468092
-2.39875,0.045474,0.045474,0.045474
-2.3975,0.0448064,0.0448064,0.0448064
-2.39625,0.045474,0.045474,0.045474
-2.395,0.0461416,0.0461416,0.0461416
-2.39375,0.047143,0.047143,0.047143
-2.3925,0.0474768,0.0474768,0.0474768
-2.39125,0.047143,0.047143,0.047143
-2.39,0.047143,0.047143,0.047143
-2.38875,0.0528176,0.0528176,0.0528176
-2.3875,0.0511486,0.0511486,0.0511486
-2.38625,0.0501472,0.0501472,0.0501472
-2.385,0.0478106,0.0478106,0.0478106
-2.38375,0.0468092,0.0468092,0.0468092
-2.3825,0.0464754,0.0464754,0.0464754
-2.38125,0.0478106,0.0478106,0.0478106
-2.38,0.0474768,0.0474768,0.0474768
-2.37875,0.0461416,0.0461416,0.0461416
-2.3775,0.045474,0.045474,0.045474
-2.37625,0.0461416,0.0461416,0.0461416
-2.375,0.0468092,0.0468092,0.0468092
-2.37375,0.0481444,0.0481444,0.0481444
-2.3725,0.0481444,0.0481444,0.0481444
-2.37125,0.0478106,0.0478106,0.0478106
-2.37,0.0478106,0.0478106,0.0478106
-2.36875,0.0484782,0.0484782,0.0484782
-2.3675,0.0501472,0.0501472,0.0501472
-2.36625,0.0501472,0.0501472,0.0501472
-2.365,0.0478106,0.0478106,0.0478106
-2.36375,0.0468092,0.0468092,0.0468092
-2.3625,0.0461416,0.0461416,0.0461416
-2.36125,0.0478106,0.0478106,0.0478106
-2.36,0.0474768,0.0474768,0.0474768
-2.35875,0.0458078,0.0458078,0.0458078
-2.3575,0.045474,0.045474,0.045474
-2.35625,0.0461416,0.0461416,0.0461416
-2.355,0.0468092,0.0468092,0.0468092
-2.35375,0.0481444,0.0481444,0.0481444
-2.3525,0.0481444,0.0481444,0.0481444
-2.35125,0.0478106,0.0478106,0.0478106
-2.35,0.0478106,0.0478106,0.0478106
-2.34875,0.0484782,0.0484782,0.0484782
-2.3475,0.050481,0.050481,0.050481
-2.34625,0.0501472,0.0501472,0.0501472
-2.345,0.0478106,0.0478106,0.0478106
-2.34375,0.0468092,0.0468092,0.0468092
-2.3425,0.0461416,0.0461416,0.0461416
-2.34125,0.0478106,0.0478106,0.0478106
-2.34,0.0474768,0.0474768,0.0474768
-2.33875,0.0458078,0.0458078,0.0458078
-2.3375,0.045474,0.045474,0.045474
-2.33625,0.0461416,0.0461416,0.0461416
-2.335,0.0468092,0.0468092,0.0468092
-2.33375,0.0481444,0.0481444,0.0481444
-2.3325,0.0481444,0.0481444,0.0481444
-2.33125,0.0478106,0.0478106,0.0478106
-2.33,0.0478106,0.0478106,0.0478106
-2.32875,0.0484782,0.0484782,0.0484782
-2.3275,0.050481,0.050481,0.050481
-2.32625,0.0501472,0.0501472,0.0501472
-2.325,0.0478106,0.0478106,0.0478106
-2.32375,0.0468092,0.0468092,0.0468092
-2.3225,0.0461416,0.0461416,0.0461416
-2.32125,0.0478106,0.0478106,0.0478106
-2.32,0.0474768,0.0474768,0.0474768
-2.31875,0.0458078,0.0458078,0.0458078
-2.3175,0.045474,0.045474,0.045474
-2.31625,0.0461416,0.0461416,0.0461416
-2.315,0.0468092,0.0468092,0.0468092
-2.31375,0.0481444,0.0481444,0.0481444
-2.3125,0.0481444,0.0481444,0.0481444
-2.31125,0.0478106,0.0478106,0.0478106
-2.31,0.0478106,0.0478106,0.0478106
-2.30875,0.0484782,0.0484782,0.0484782
-2.3075,0.050481,0.050481,0.050481
-2.30625,0.0501472,0.0501472,0.0501472
-2.305,0.0478106,0.0478106,0.0478106
-2.30375,0.0468092,0.0468092,0.0468092
-2.3025,0.0461416,0.0461416,0.0461416
-2.30125,0.0478106,0.0478106,0.0478106
-2.3,0.0474768,0.0474768,0.0474768
-2.29875,0.0458078,0.0458078,0.0458078
-2.2975,0.045474,0.045474,0.045474
-2.29625,0.0461416,0.0461416,0.0461416
-2.295,0.0468092,0.0468092,0.0468092
-2.29375,0.0481444,0.0481444,0.0481444
-2.2925,0.0481444,0.0481444,0.0481444
-2.29125,0.0478106,0.0478106,0.0478106
-2.29,0.0478106,0.0478106,0.0478106
-2.28875,0.0531514,0.0531514,0.0531514
-2.2875,0.0598274,0.0598274,0.0598274
-2.28625,0.0798553,0.0798553,0.0798553
-2.285,0.0728455,0.0728455,0.0728455
-2.28375,0.0715103,0.0715103,0.0715103
-2.2825,0.0708427,0.0708427,0.0708427
-2.28125,0.0701751,0.0701751,0.0701751
-2.28,0.0708427,0.0708427,0.0708427
-2.27875,0.0691737,0.0691737,0.0691737
-2.2775,0.0678385,0.0678385,0.0678385
-2.27625,0.0681723,0.0681723,0.0681723
-2.275,0.0691737,0.0691737,0.0691737
-2.27375,0.0705089,0.0705089,0.0705089
-2.2725,0.0688399,0.0688399,0.0688399
-2.27125,0.0695075,0.0695075,0.0695075
-2.27,0.0698413,0.0698413,0.0698413
-2.26875,0.0695075,0.0695075,0.0695075
-2.2675,0.0715103,0.0715103,0.0715103
-2.26625,0.0715103,0.0715103,0.0715103
-2.265,0.0691737,0.0691737,0.0691737
-2.26375,0.0668371,0.0668371,0.0668371
-2.2625,0.0675047,0.0675047,0.0675047
-2.26125,0.0691737,0.0691737,0.0691737
-2.26,0.0678385,0.0678385,0.0678385
-2.25875,0.0665033,0.0665033,0.0665033
-2.2575,0.0665033,0.0665033,0.0665033
-2.25625,0.0665033,0.0665033,0.0665033
-2.255,0.0665033,0.0665033,0.0665033
-2.25375,0.0691737,0.0691737,0.0691737
-2.2525,0.0695075,0.0695075,0.0695075
-2.25125,0.0678385,0.0678385,0.0678385
-2.25,0.0681723,0.0681723,0.0681723
-2.24875,0.0698413,0.0698413,0.0698413
-2.2475,0.0698413,0.0698413,0.0698413
-2.24625,0.0695075,0.0695075,0.0695075
-2.245,0.0681723,0.0681723,0.0681723
-2.24375,0.0655019,0.0655019,0.0655019
-2.2425,0.0645006,0.0645006,0.0645006
-2.24125,0.0681723,0.0681723,0.0681723
-2.24,0.0671709,0.0671709,0.0671709
-2.23875,0.0645006,0.0645006,0.0645006
-2.2375,0.0641668,0.0641668,0.0641668
-2.23625,0.0661695,0.0661695,0.0661695
-2.235,0.0675047,0.0675047,0.0675047
-2.23375,0.0658357,0.0658357,0.0658357
-2.2325,0.0671709,0.0671709,0.0671709
-2.23125,0.0675047,0.0675047,0.0675047
-2.23,0.0681723,0.0681723,0.0681723
-2.22875,0.0671709,0.0671709,0.0671709
-2.2275,0.0691737,0.0691737,0.0691737
-2.22625,0.0701751,0.0701751,0.0701751
-2.225,0.0671709,0.0671709,0.0671709
-2.22375,0.0655019,0.0655019,0.0655019
-2.2225,0.0645006,0.0645006,0.0645006
-2.22125,0.0681723,0.0681723,0.0681723
-2.22,0.0678385,0.0678385,0.0678385
-2.21875,0.063833,0.063833,0.063833
-2.2175,0.0645006,0.0645006,0.0645006
-2.21625,0.0655019,0.0655019,0.0655019
-2.215,0.0675047,0.0675047,0.0675047
-2.21375,0.0661695,0.0661695,0.0661695
-2.2125,0.0671709,0.0671709,0.0671709
-2.21125,0.0681723,0.0681723,0.0681723
-2.21,0.0671709,0.0671709,0.0671709
-2.20875,0.0675047,0.0675047,0.0675047
-2.2075,0.0685061,0.0685061,0.0685061
-2.20625,0.0698413,0.0698413,0.0698413
-2.205,0.0678385,0.0678385,0.0678385
-2.20375,0.0648344,0.0648344,0.0648344
-2.2025,0.0655019,0.0655019,0.0655019
-2.20125,0.0668371,0.0668371,0.0668371
-2.2,0.0678385,0.0678385,0.0678385
-2.19875,0.0634992,0.0634992,0.0634992
-2.1975,0.0645006,0.0645006,0.0645006
-2.19625,0.0661695,0.0661695,0.0661695
-2.195,0.0665033,0.0665033,0.0665033
-2.19375,0.0668371,0.0668371,0.0668371
-2.1925,0.0661695,0.0661695,0.0661695
-2.19125,0.0681723,0.0681723,0.0681723
-2.19,0.0675047,0.0675047,0.0675047
-2.18875,0.0675047,0.0675047,0.0675047
-2.1875,0.0695075,0.0695075,0.0695075
-2.18625,0.0688399,0.0688399,0.0688399
-2.185,0.0681723,0.0681723,0.0681723
-2.18375,0.0641668,0.0641668,0.0641668
-2.1825,0.0655019,0.0655019,0.0655019
-2.18125,0.0675047,0.0675047,0.0675047
-2.18,0.0675047,0.0675047,0.0675047
-2.17875,0.0645006,0.0645006,0.0645006
-2.1775,0.0634992,0.0634992,0.0634992
-2.17625,0.0665033,0.0665033,0.0665033
-2.175,0.0665033,0.0665033,0.0665033
-2.17375,0.0651681,0.0651681,0.0651681
-2.1725,0.0628316,0.0628316,0.0628316
-2.17125,0.0631654,0.0631654,0.0631654
-2.17,0.063833,0.063833,0.063833
-2.16875,0.062164,0.062164,0.062164
-2.1675,0.0655019,0.0655019,0.0655019
-2.16625,0.0648344,0.0648344,0.0648344
-2.165,0.0634992,0.0634992,0.0634992
-2.16375,0.0611626,0.0611626,0.0611626
-2.1625,0.060495,0.060495,0.060495
-2.16125,0.063833,0.063833,0.063833
-2.16,0.0624978,0.0624978,0.0624978
-2.15875,0.0601612,0.0601612,0.0601612
-2.1575,0.0594936,0.0594936,0.0594936
-2.15625,0.0618302,0.0618302,0.0618302
-2.155,0.0631654,0.0631654,0.0631654
-2.15375,0.0614964,0.0614964,0.0614964
-2.1525,0.0631654,0.0631654,0.0631654
-2.15125,0.0628316,0.0628316,0.0628316
-2.15,0.063833,0.063833,0.063833
-2.14875,0.0628316,0.0628316,0.0628316
-2.1475,0.0648344,0.0648344,0.0648344
-2.14625,0.0658357,0.0658357,0.0658357
-2.145,0.0628316,0.0628316,0.0628316
-2.14375,0.0611626,0.0611626,0.0611626
-2.1425,0.060495,0.060495,0.060495
-2.14125,0.063833,0.063833,0.063833
-2.14,0.0634992,0.0634992,0.0634992
-2.13875,0.0594936,0.0594936,0.0594936
-2.1375,0.0601612,0.0601612,0.0601612
-2.13625,0.0611626,0.0611626,0.0611626
-2.135,0.0631654,0.0631654,0.0631654
-2.13375,0.0618302,0.0618302,0.0618302
-2.1325,0.0628316,0.0628316,0.0628316
-2.13125,0.063833,0.063833,0.063833
-2.13,0.0628316,0.0628316,0.0628316
-2.12875,0.0631654,0.0631654,0.0631654
-2.1275,0.0645006,0.0645006,0.0645006
-2.12625,0.0655019,0.0655019,0.0655019
-2.125,0.0631654,0.0631654,0.0631654
-2.12375,0.0608288,0.0608288,0.0608288
-2.1225,0.0611626,0.0611626,0.0611626
-2.12125,0.0628316,0.0628316,0.0628316
-2.12,0.0634992,0.0634992,0.0634992
-2.11875,0.0591598,0.0591598,0.0591598
-2.1175,0.0601612,0.0601612,0.0601612
-2.11625,0.0618302,0.0618302,0.0618302
-2.115,0.0624978,0.0624978,0.0624978
-2.11375,0.0628316,0.0628316,0.0628316
-2.1125,0.0618302,0.0618302,0.0618302
-2.11125,0.063833,0.063833,0.063833
-2.11,0.0628316,0.0628316,0.0628316
-2.10875,0.0631654,0.0631654,0.0631654
-2.1075,0.0655019,0.0655019,0.0655019
-2.10625,0.0648344,0.0648344,0.0648344
-2.105,0.063833,0.063833,0.063833
-2.10375,0.0601612,0.0601612,0.0601612
-2.1025,0.0611626,0.0611626,0.0611626
-2.10125,0.0631654,0.0631654,0.0631654
-2.1,0.0631654,0.0631654,0.0631654
-2.09875,0.0601612,0.0601612,0.0601612
-2.0975,0.0591598,0.0591598,0.0591598
-2.09625,0.062164,0.062164,0.062164
-2.095,0.062164,0.062164,0.062164
-2.09375,0.0624978,0.0624978,0.0624978
-2.0925,0.0628316,0.0628316,0.0628316
-2.09125,0.0634992,0.0634992,0.0634992
-2.09,0.063833,0.063833,0.063833
-2.08875,0.062164,0.062164,0.062164
-2.0875,0.0658357,0.0658357,0.0658357
-2.08625,0.0648344,0.0648344,0.0648344
-2.085,0.0634992,0.0634992,0.0634992
-2.08375,0.0611626,0.0611626,0.0611626
-2.0825,0.060495,0.060495,0.060495
-2.08125,0.063833,0.063833,0.063833
-2.08,0.0624978,0.0624978,0.0624978
-2.07875,0.0598274,0.0598274,0.0598274
-2.0775,0.0598274,0.0598274,0.0598274
-2.07625,0.0618302,0.0618302,0.0618302
-2.075,0.0631654,0.0631654,0.0631654
-2.07375,0.0614964,0.0614964,0.0614964
-2.0725,0.0631654,0.0631654,0.0631654
-2.07125,0.0628316,0.0628316,0.0628316
-2.07,0.063833,0.063833,0.063833
-2.06875,0.0628316,0.0628316,0.0628316
-2.0675,0.0651681,0.0651681,0.0651681
-2.06625,0.0658357,0.0658357,0.0658357
-2.065,0.0624978,0.0624978,0.0624978
-2.06375,0.0611626,0.0611626,0.0611626
-2.0625,0.060495,0.060495,0.060495
-2.06125,0.0634992,0.0634992,0.0634992
-2.06,0.0634992,0.0634992,0.0634992
-2.05875,0.0591598,0.0591598,0.0591598
-2.0575,0.0601612,0.0601612,0.0601612
-2.05625,0.0611626,0.0611626,0.0611626
-2.055,0.0631654,0.0631654,0.0631654
-2.05375,0.0618302,0.0618302,0.0618302
-2.0525,0.0628316,0.0628316,0.0628316
-2.05125,0.063833,0.063833,0.063833
-2.05,0.0628316,0.0628316,0.0628316
-2.04875,0.0631654,0.0631654,0.0631654
-2.0475,0.0648344,0.0648344,0.0648344
-2.04625,0.0655019,0.0655019,0.0655019
-2.045,0.0634992,0.0634992,0.0634992
-2.04375,0.0608288,0.0608288,0.0608288
-2.0425,0.0614964,0.0614964,0.0614964
-2.04125,0.0628316,0.0628316,0.0628316
-2.04,0.0634992,0.0634992,0.0634992
-2.03875,0.058826,0.058826,0.058826
-2.0375,0.0594936,0.0594936,0.0594936
-2.03625,0.062164,0.062164,0.062164
-2.035,0.062164,0.062164,0.062164
-2.03375,0.0624978,0.0624978,0.0624978
-2.0325,0.0628316,0.0628316,0.0628316
-2.03125,0.0634992,0.0634992,0.0634992
-2.03,0.063833,0.063833,0.063833
-2.02875,0.062164,0.062164,0.062164
-2.0275,0.0658357,0.0658357,0.0658357
-2.02625,0.0648344,0.0648344,0.0648344
-2.025,0.0634992,0.0634992,0.0634992
-2.02375,0.0608288,0.0608288,0.0608288
-2.0225,0.060495,0.060495,0.060495
-2.02125,0.063833,0.063833,0.063833
-2.02,0.0624978,0.0624978,0.0624978
-2.01875,0.0598274,0.0598274,0.0598274
-2.0175,0.0598274,0.0598274,0.0598274
-2.01625,0.062164,0.062164,0.062164
-2.015,0.0634992,0.0634992,0.0634992
-2.01375,0.0618302,0.0618302,0.0618302
-2.0125,0.0631654,0.0631654,0.0631654
-2.01125,0.0631654,0.0631654,0.0631654
-2.01,0.063833,0.063833,0.063833
-2.00875,0.0628316,0.0628316,0.0628316
-2.0075,0.0651681,0.0651681,0.0651681
-2.00625,0.0655019,0.0655019,0.0655019
-2.005,0.0624978,0.0624978,0.0624978
-2.00375,0.0611626,0.0611626,0.0611626
-2.0025,0.060495,0.060495,0.060495
-2.00125,0.063833,0.063833,0.063833
-2,0.0634992,0.0634992,0.0634992
-1.99875,0.0591598,0.0591598,0.0591598
-1.9975,0.060495,0.060495,0.060495
-1.99625,0.0611626,0.0611626,0.0611626
-1.995,0.0631654,0.0631654,0.0631654
-1.99375,0.0618302,0.0618302,0.0618302
-1.9925,0.0628316,0.0628316,0.0628316
-1.99125,0.063833,0.063833,0.063833
-1.99,0.0628316,0.0628316,0.0628316
-1.98875,0.0631654,0.0631654,0.0631654
-1.9875,0.0648344,0.0648344,0.0648344
-1.98625,0.0651681,0.0651681,0.0651681
-1.985,0.0631654,0.0631654,0.0631654
-1.98375,0.060495,0.060495,0.060495
-1.9825,0.0614964,0.0614964,0.0614964
-1.98125,0.0624978,0.0624978,0.0624978
-1.98,0.0634992,0.0634992,0.0634992
-1.97875,0.058826,0.058826,0.058826
-1.9775,0.0601612,0.0601612,0.0601612
-1.97625,0.0618302,0.0618302,0.0618302
-1.975,0.0624978,0.0624978,0.0624978
-1.97375,0.0624978,0.0624978,0.0624978
-1.9725,0.0618302,0.0618302,0.0618302
-1.97125,0.063833,0.063833,0.063833
-1.97,0.0628316,0.0628316,0.0628316
-1.96875,0.0631654,0.0631654,0.0631654
-1.9675,0.0658357,0.0658357,0.0658357
-1.96625,0.0645006,0.0645006,0.0645006
-1.965,0.0634992,0.0634992,0.0634992
-1.96375,0.0598274,0.0598274,0.0598274
-1.9625,0.0614964,0.0614964,0.0614964
-1.96125,0.0631654,0.0631654,0.0631654
-1.96,0.0631654,0.0631654,0.0631654
-1.95875,0.0598274,0.0598274,0.0598274
-1.9575,0.0591598,0.0591598,0.0591598
-1.95625,0.062164,0.062164,0.062164
-1.955,0.0624978,0.0624978,0.0624978
-1.95375,0.0624978,0.0624978,0.0624978
-1.9525,0.0628316,0.0628316,0.0628316
-1.95125,0.0631654,0.0631654,0.0631654
-1.95,0.063833,0.063833,0.063833
-1.94875,0.062164,0.062164,0.062164
-1.9475,0.0658357,0.0658357,0.0658357
-1.94625,0.0648344,0.0648344,0.0648344
-1.945,0.0631654,0.0631654,0.0631654
-1.94375,0.0611626,0.0611626,0.0611626
-1.9425,0.060495,0.060495,0.060495
-1.94125,0.063833,0.063833,0.063833
-1.94,0.0624978,0.0624978,0.0624978
-1.93875,0.0598274,0.0598274,0.0598274
-1.9375,0.0598274,0.0598274,0.0598274
-1.93625,0.0618302,0.0618302,0.0618302
-1.935,0.0634992,0.0634992,0.0634992
-1.93375,0.0614964,0.0614964,0.0614964
-1.9325,0.0628316,0.0628316,0.0628316
-1.93125,0.0631654,0.0631654,0.0631654
-1.93,0.0634992,0.0634992,0.0634992
-1.92875,0.0631654,0.0631654,0.0631654
-1.9275,0.0651681,0.0651681,0.0651681
-1.92625,0.0655019,0.0655019,0.0655019
-1.925,0.0624978,0.0624978,0.0624978
-1.92375,0.0608288,0.0608288,0.0608288
-1.9225,0.0608288,0.0608288,0.0608288
-1.92125,0.0634992,0.0634992,0.0634992
-1.92,0.0634992,0.0634992,0.0634992
-1.91875,0.058826,0.058826,0.058826
-1.9175,0.0601612,0.0601612,0.0601612
-1.91625,0.0611626,0.0611626,0.0611626
-1.915,0.0634992,0.0634992,0.0634992
-1.91375,0.062164,0.062164,0.062164
-1.9125,0.0624978,0.0624978,0.0624978
-1.91125,0.063833,0.063833,0.063833
-1.91,0.0624978,0.0624978,0.0624978
-1.90875,0.0631654,0.0631654,0.0631654
-1.9075,0.0651681,0.0651681,0.0651681
-1.90625,0.0651681,0.0651681,0.0651681
-1.905,0.0631654,0.0631654,0.0631654
-1.90375,0.0601612,0.0601612,0.0601612
-1.9025,0.0614964,0.0614964,0.0614964
-1.90125,0.0624978,0.0624978,0.0624978
-1.9,0.0634992,0.0634992,0.0634992
-1.89875,0.0591598,0.0591598,0.0591598
-1.8975,0.0601612,0.0601612,0.0601612
-1.89625,0.062164,0.062164,0.062164
-1.895,0.0624978,0.0624978,0.0624978
-1.89375,0.0628316,0.0628316,0.0628316
-1.8925,0.062164,0.062164,0.062164
-1.89125,0.063833,0.063833,0.063833
-1.89,0.0631654,0.0631654,0.0631654
-1.88875,0.0628316,0.0628316,0.0628316
-1.8875,0.0658357,0.0658357,0.0658357
-1.88625,0.0641668,0.0641668,0.0641668
-1.885,0.0634992,0.0634992,0.0634992
-1.88375,0.0601612,0.0601612,0.0601612
-1.8825,0.0614964,0.0614964,0.0614964
-1.88125,0.0631654,0.0631654,0.0631654
-1.88,0.0628316,0.0628316,0.0628316
-1.87875,0.0598274,0.0598274,0.0598274
-1.8775,0.0591598,0.0591598,0.0591598
-1.87625,0.062164,0.062164,0.062164
-1.875,0.0624978,0.0624978,0.0624978
-1.87375,0.0624978,0.0624978,0.0624978
-1.8725,0.0628316,0.0628316,0.0628316
-1.87125,0.0631654,0.0631654,0.0631654
-1.87,0.0634992,0.0634992,0.0634992
-1.86875,0.0624978,0.0624978,0.0624978
-1.8675,0.0661695,0.0661695,0.0661695
-1.86625,0.0648344,0.0648344,0.0648344
-1.865,0.0631654,0.0631654,0.0631654
-1.86375,0.0611626,0.0611626,0.0611626
-1.8625,0.060495,0.060495,0.060495
-1.86125,0.0634992,0.0634992,0.0634992
-1.86,0.062164,0.062164,0.062164
-1.85875,0.0598274,0.0598274,0.0598274
-1.8575,0.0601612,0.0601612,0.0601612
-1.85625,0.0618302,0.0618302,0.0618302
-1.855,0.0634992,0.0634992,0.0634992
-1.85375,0.0614964,0.0614964,0.0614964
-1.8525,0.0631654,0.0631654,0.0631654
-1.85125,0.0631654,0.0631654,0.0631654
-1.85,0.0634992,0.0634992,0.0634992
-1.84875,0.0634992,0.0634992,0.0634992
-1.8475,0.0651681,0.0651681,0.0651681
-1.84625,0.0655019,0.0655019,0.0655019
-1.845,0.0624978,0.0624978,0.0624978
-1.84375,0.0608288,0.0608288,0.0608288
-1.8425,0.0608288,0.0608288,0.0608288
-1.84125,0.0634992,0.0634992,0.0634992
-1.84,0.0634992,0.0634992,0.0634992
-1.83875,0.058826,0.058826,0.058826
-1.8375,0.060495,0.060495,0.060495
-1.83625,0.0614964,0.0614964,0.0614964
-1.835,0.0634992,0.0634992,0.0634992
-1.83375,0.062164,0.062164,0.062164
-1.8325,0.0624978,0.0624978,0.0624978
-1.83125,0.0641668,0.0641668,0.0641668
-1.83,0.0624978,0.0624978,0.0624978
-1.82875,0.0634992,0.0634992,0.0634992
-1.8275,0.0651681,0.0651681,0.0651681
-1.82625,0.0651681,0.0651681,0.0651681
-1.825,0.0634992,0.0634992,0.0634992
-1.82375,0.0601612,0.0601612,0.0601612
-1.8225,0.0618302,0.0618302,0.0618302
-1.82125,0.0624978,0.0624978,0.0624978
-1.82,0.0631654,0.0631654,0.0631654
-1.81875,0.0591598,0.0591598,0.0591598
-1.8175,0.0601612,0.0601612,0.0601612
-1.81625,0.062164,0.062164,0.062164
-1.815,0.0624978,0.0624978,0.0624978
-1.81375,0.0624978,0.0624978,0.0624978
-1.8125,0.062164,0.062164,0.062164
-1.81125,0.063833,0.063833,0.063833
-1.81,0.0631654,0.0631654,0.0631654
-1.80875,0.0628316,0.0628316,0.0628316
-1.8075,0.0658357,0.0658357,0.0658357
-1.80625,0.0641668,0.0641668,0.0641668
-1.805,0.0631654,0.0631654,0.0631654
-1.80375,0.0601612,0.0601612,0.0601612
-1.8025,0.0614964,0.0614964,0.0614964
-1.80125,0.0634992,0.0634992,0.0634992
-1.8,0.0624978,0.0624978,0.0624978
-1.79875,0.0601612,0.0601612,0.0601612
-1.7975,0.0594936,0.0594936,0.0594936
-1.79625,0.062164,0.062164,0.062164
-1.795,0.0628316,0.0628316,0.0628316
-1.79375,0.0628316,0.0628316,0.0628316
-1.7925,0.0631654,0.0631654,0.0631654
-1.79125,0.0628316,0.0628316,0.0628316
-1.79,0.0618302,0.0618302,0.0618302
-1.78875,0.0641668,0.0641668,0.0641668
-1.7875,0.0651681,0.0651681,0.0651681
-1.78625,0.0651681,0.0651681,0.0651681
-1.785,0.062164,0.062164,0.062164
-1.78375,0.0611626,0.0611626,0.0611626
-1.7825,0.0611626,0.0611626,0.0611626
-1.78125,0.0631654,0.0631654,0.0631654
-1.78,0.0631654,0.0631654,0.0631654
-1.77875,0.058826,0.058826,0.058826
-1.7775,0.060495,0.060495,0.060495
-1.77625,0.0611626,0.0611626,0.0611626
-1.775,0.0634992,0.0634992,0.0634992
-1.77375,0.062164,0.062164,0.062164
-1.7725,0.0624978,0.0624978,0.0624978
-1.77125,0.063833,0.063833,0.063833
-1.77,0.0624978,0.0624978,0.0624978
-1.76875,0.0634992,0.0634992,0.0634992
-1.7675,0.0651681,0.0651681,0.0651681
-1.76625,0.0648344,0.0648344,0.0648344
-1.765,0.0631654,0.0631654,0.0631654
-1.76375,0.0601612,0.0601612,0.0601612
-1.7625,0.0614964,0.0614964,0.0614964
-1.76125,0.0624978,0.0624978,0.0624978
-1.76,0.0631654,0.0631654,0.0631654
-1.75875,0.0591598,0.0591598,0.0591598
-1.7575,0.0601612,0.0601612,0.0601612
-1.75625,0.062164,0.062164,0.062164
-1.755,0.0624978,0.0624978,0.0624978
-1.75375,0.0624978,0.0624978,0.0624978
-1.7525,0.0618302,0.0618302,0.0618302
-1.75125,0.063833,0.063833,0.063833
-1.75,0.0631654,0.0631654,0.0631654
-1.74875,0.0631654,0.0631654,0.0631654
-1.7475,0.0661695,0.0661695,0.0661695
-1.74625,0.0641668,0.0641668,0.0641668
-1.745,0.0631654,0.0631654,0.0631654
-1.74375,0.0601612,0.0601612,0.0601612
-1.7425,0.0618302,0.0618302,0.0618302
-1.74125,0.0634992,0.0634992,0.0634992
-1.74,0.0624978,0.0624978,0.0624978
-1.73875,0.0601612,0.0601612,0.0601612
-1.7375,0.0594936,0.0594936,0.0594936
-1.73625,0.062164,0.062164,0.062164
-1.735,0.0628316,0.0628316,0.0628316
-1.73375,0.0624978,0.0624978,0.0624978
-1.7325,0.0631654,0.0631654,0.0631654
-1.73125,0.0628316,0.0628316,0.0628316
-1.73,0.0634992,0.0634992,0.0634992
-1.72875,0.0624978,0.0624978,0.0624978
-1.7275,0.0661695,0.0661695,0.0661695
-1.72625,0.0645006,0.0645006,0.0645006
-1.725,0.0628316,0.0628316,0.0628316
-1.72375,0.0611626,0.0611626,0.0611626
-1.7225,0.0608288,0.0608288,0.0608288
-1.72125,0.0634992,0.0634992,0.0634992
-1.72,0.062164,0.062164,0.062164
-1.71875,0.0598274,0.0598274,0.0598274
-1.7175,0.0601612,0.0601612,0.0601612
-1.71625,0.0614964,0.0614964,0.0614964
-1.715,0.063833,0.063833,0.063833
-1.71375,0.0614964,0.0614964,0.0614964
-1.7125,0.0631654,0.0631654,0.0631654
-1.71125,0.0631654,0.0631654,0.0631654
-1.71,0.0634992,0.0634992,0.0634992
-1.70875,0.0634992,0.0634992,0.0634992
-1.7075,0.0651681,0.0651681,0.0651681
-1.70625,0.0651681,0.0651681,0.0651681
-1.705,0.062164,0.062164,0.062164
-1.70375,0.0608288,0.0608288,0.0608288
-1.7025,0.0614964,0.0614964,0.0614964
-1.70125,0.0631654,0.0631654,0.0631654
-1.7,0.0631654,0.0631654,0.0631654
-1.69875,0.058826,0.058826,0.058826
-1.6975,0.060495,0.060495,0.060495
-1.69625,0.0614964,0.0614964,0.0614964
-1.695,0.0634992,0.0634992,0.0634992
-1.69375,0.0624978,0.0624978,0.0624978
-1.6925,0.0624978,0.0624978,0.0624978
-1.69125,0.063833,0.063833,0.063833
-1.69,0.0624978,0.0624978,0.0624978
-1.68875,0.0634992,0.0634992,0.0634992
-1.6875,0.0655019,0.0655019,0.0655019
-1.68625,0.0648344,0.0648344,0.0648344
-1.685,0.0631654,0.0631654,0.0631654
-1.68375,0.0598274,0.0598274,0.0598274
-1.6825,0.0618302,0.0618302,0.0618302
-1.68125,0.0624978,0.0624978,0.0624978
-1.68,0.0631654,0.0631654,0.0631654
-1.67875,0.0594936,0.0594936,0.0594936
-1.6775,0.0601612,0.0601612,0.0601612
-1.67625,0.062164,0.062164,0.062164
-1.675,0.0624978,0.0624978,0.0624978
-1.67375,0.0624978,0.0624978,0.0624978
-1.6725,0.062164,0.062164,0.062164
-1.67125,0.0634992,0.0634992,0.0634992
-1.67,0.0634992,0.0634992,0.0634992
-1.66875,0.0628316,0.0628316,0.0628316
-1.6675,0.0661695,0.0661695,0.0661695
-1.66625,0.0641668,0.0641668,0.0641668
-1.665,0.0631654,0.0631654,0.0631654
-1.66375,0.0601612,0.0601612,0.0601612
-1.6625,0.0614964,0.0614964,0.0614964
-1.66125,0.0634992,0.0634992,0.0634992
-1.66,0.062164,0.062164,0.062164
-1.65875,0.0598274,0.0598274,0.0598274
-1.6575,0.0594936,0.0594936,0.0594936
-1.65625,0.062164,0.062164,0.062164
-1.655,0.0631654,0.0631654,0.0631654
-1.65375,0.062164,0.062164,0.062164
-1.6525,0.0631654,0.0631654,0.0631654
-1.65125,0.0628316,0.0628316,0.0628316
-1.65,0.0634992,0.0634992,0.0634992
-1.64875,0.0628316,0.0628316,0.0628316
-1.6475,0.0661695,0.0661695,0.0661695
-1.64625,0.0648344,0.0648344,0.0648344
-1.645,0.062164,0.062164,0.062164
-1.64375,0.0608288,0.0608288,0.0608288
-1.6425,0.0608288,0.0608288,0.0608288
-1.64125,0.0634992,0.0634992,0.0634992
-1.64,0.0624978,0.0624978,0.0624978
-1.63875,0.0594936,0.0594936,0.0594936
-1.6375,0.060495,0.060495,0.060495
-1.63625,0.0611626,0.0611626,0.0611626
-1.635,0.063833,0.063833,0.063833
-1.63375,0.0614964,0.0614964,0.0614964
-1.6325,0.0631654,0.0631654,0.0631654
-1.63125,0.0631654,0.0631654,0.0631654
-1.63,0.0631654,0.0631654,0.0631654
-1.62875,0.063833,0.063833,0.063833
-1.6275,0.0651681,0.0651681,0.0651681
-1.62625,0.0651681,0.0651681,0.0651681
-1.625,0.062164,0.062164,0.062164
-1.62375,0.0608288,0.0608288,0.0608288
-1.6225,0.0618302,0.0618302,0.0618302
-1.62125,0.0624978,0.0624978,0.0624978
-1.62,0.0631654,0.0631654,0.0631654
-1.61875,0.058826,0.058826,0.058826
-1.6175,0.060495,0.060495,0.060495
-1.61625,0.0614964,0.0614964,0.0614964
-1.615,0.0634992,0.0634992,0.0634992
-1.61375,0.0624978,0.0624978,0.0624978
-1.6125,0.0618302,0.0618302,0.0618302
-1.61125,0.063833,0.063833,0.063833
-1.61,0.0628316,0.0628316,0.0628316
-1.60875,0.063833,0.063833,0.063833
-1.6075,0.0658357,0.0658357,0.0658357
-1.60625,0.0645006,0.0645006,0.0645006
-1.605,0.0631654,0.0631654,0.0631654
-1.60375,0.0598274,0.0598274,0.0598274
-1.6025,0.0618302,0.0618302,0.0618302
-1.60125,0.0624978,0.0624978,0.0624978
-1.6,0.0628316,0.0628316,0.0628316
-1.59875,0.0594936,0.0594936,0.0594936
-1.5975,0.0598274,0.0598274,0.0598274
-1.59625,0.062164,0.062164,0.062164
-1.595,0.0628316,0.0628316,0.0628316
-1.59375,0.0624978,0.0624978,0.0624978
-1.5925,0.0624978,0.0624978,0.0624978
-1.59125,0.0634992,0.0634992,0.0634992
-1.59,0.063833,0.063833,0.063833
-1.58875,0.0628316,0.0628316,0.0628316
-1.5875,0.0661695,0.0661695,0.0661695
-1.58625,0.0641668,0.0641668,0.0641668
-1.585,0.0631654,0.0631654,0.0631654
-1.58375,0.060495,0.060495,0.060495
-1.5825,0.0614964,0.0614964,0.0614964
-1.58125,0.0634992,0.0634992,0.0634992
-1.58,0.062164,0.062164,0.062164
-1.57875,0.0598274,0.0598274,0.0598274
-1.5775,0.0598274,0.0598274,0.0598274
-1.57625,0.0618302,0.0618302,0.0618302
-1.575,0.063833,0.063833,0.063833
-1.57375,0.0618302,0.0618302,0.0618302
-1.5725,0.0631654,0.0631654,0.0631654
-1.57125,0.0628316,0.0628316,0.0628316
-1.57,0.0634992,0.0634992,0.0634992
-1.56875,0.0631654,0.0631654,0.0631654
-1.5675,0.0658357,0.0658357,0.0658357
-1.56625,0.0648344,0.0648344,0.0648344
-1.565,0.062164,0.062164,0.062164
-1.56375,0.0608288,0.0608288,0.0608288
-1.5625,0.0611626,0.0611626,0.0611626
-1.56125,0.0634992,0.0634992,0.0634992
-1.56,0.0624978,0.0624978,0.0624978
-1.55875,0.0594936,0.0594936,0.0594936
-1.5575,0.060495,0.060495,0.060495
-1.55625,0.0611626,0.0611626,0.0611626
-1.555,0.063833,0.063833,0.063833
-1.55375,0.0618302,0.0618302,0.0618302
-1.5525,0.0631654,0.0631654,0.0631654
-1.55125,0.063833,0.063833,0.063833
-1.55,0.0628316,0.0628316,0.0628316
-1.54875,0.063833,0.063833,0.063833
-1.5475,0.0651681,0.0651681,0.0651681
-1.54625,0.0648344,0.0648344,0.0648344
-1.545,0.0624978,0.0624978,0.0624978
-1.54375,0.0608288,0.0608288,0.0608288
-1.5425,0.062164,0.062164,0.062164
-1.54125,0.0614964,0.0614964,0.0614964
-1.54,0.0628316,0.0628316,0.0628316
-1.53875,0.0598274,0.0598274,0.0598274
-1.5375,0.0594936,0.0594936,0.0594936
-1.53625,0.062164,0.062164,0.062164
-1.535,0.0628316,0.0628316,0.0628316
-1.53375,0.0624978,0.0624978,0.0624978
-1.5325,0.0624978,0.0624978,0.0624978
-1.53125,0.0631654,0.0631654,0.0631654
-1.53,0.063833,0.063833,0.063833
-1.52875,0.0628316,0.0628316,0.0628316
-1.5275,0.0661695,0.0661695,0.0661695
-1.52625,0.0641668,0.0641668,0.0641668
-1.525,0.0631654,0.0631654,0.0631654
-1.52375,0.0608288,0.0608288,0.0608288
-1.5225,0.0614964,0.0614964,0.0614964
-1.52125,0.0634992,0.0634992,0.0634992
-1.52,0.0618302,0.0618302,0.0618302
-1.51875,0.0598274,0.0598274,0.0598274
-1.5175,0.0598274,0.0598274,0.0598274
-1.51625,0.0618302,0.0618302,0.0618302
-1.515,0.063833,0.063833,0.063833
-1.51375,0.0618302,0.0618302,0.0618302
-1.5125,0.0631654,0.0631654,0.0631654
-1.51125,0.0628316,0.0628316,0.0628316
-1.51,0.063833,0.063833,0.063833
-1.50875,0.0631654,0.0631654,0.0631654
-1.5075,0.0658357,0.0658357,0.0658357
-1.50625,0.0648344,0.0648344,0.0648344
-1.505,0.0618302,0.0618302,0.0618302
-1.50375,0.0608288,0.0608288,0.0608288
-1.5025,0.0611626,0.0611626,0.0611626
-1.50125,0.0631654,0.0631654,0.0631654
-1.5,0.0628316,0.0628316,0.0628316
-1.49875,0.0591598,0.0591598,0.0591598
-1.4975,0.060495,0.060495,0.060495
-1.49625,0.0611626,0.0611626,0.0611626
-1.495,0.063833,0.063833,0.063833
-1.49375,0.062164,0.062164,0.062164
-1.4925,0.0628316,0.0628316,0.0628316
-1.49125,0.063833,0.063833,0.063833
-1.49,0.0628316,0.0628316,0.0628316
-1.48875,0.063833,0.063833,0.063833
-1.4875,0.0651681,0.0651681,0.0651681
-1.48625,0.0648344,0.0648344,0.0648344
-1.485,0.0624978,0.0624978,0.0624978
-1.48375,0.060495,0.060495,0.060495
-1.4825,0.062164,0.062164,0.062164
-1.48125,0.0624978,0.0624978,0.0624978
-1.48,0.0628316,0.0628316,0.0628316
-1.47875,0.0591598,0.0591598,0.0591598
-1.4775,0.060495,0.060495,0.060495
-1.47625,0.062164,0.062164,0.062164
-1.475,0.0631654,0.0631654,0.0631654
-1.47375,0.0628316,0.0628316,0.0628316
-1.4725,0.062164,0.062164,0.062164
-1.47125,0.063833,0.063833,0.063833
-1.47,0.0631654,0.0631654,0.0631654
-1.46875,0.063833,0.063833,0.063833
-1.4675,0.0661695,0.0661695,0.0661695
-1.46625,0.063833,0.063833,0.063833
-1.465,0.0631654,0.0631654,0.0631654
-1.46375,0.0598274,0.0598274,0.0598274
-1.4625,0.062164,0.062164,0.062164
-1.46125,0.0631654,0.0631654,0.0631654
-1.46,0.0624978,0.0624978,0.0624978
-1.45875,0.0598274,0.0598274,0.0598274
-1.4575,0.0594936,0.0594936,0.0594936
-1.45625,0.0624978,0.0624978,0.0624978
-1.455,0.0628316,0.0628316,0.0628316
-1.45375,0.0628316,0.0628316,0.0628316
-1.4525,0.0628316,0.0628316,0.0628316
-1.45125,0.0631654,0.0631654,0.0631654
-1.45,0.063833,0.063833,0.063833
-1.44875,0.0628316,0.0628316,0.0628316
-1.4475,0.0661695,0.0661695,0.0661695
-1.44625,0.0641668,0.0641668,0.0641668
-1.445,0.0628316,0.0628316,0.0628316
-1.44375,0.0608288,0.0608288,0.0608288
-1.4425,0.0611626,0.0611626,0.0611626
-1.44125,0.0634992,0.0634992,0.0634992
-1.44,0.0618302,0.0618302,0.0618302
-1.43875,0.0598274,0.0598274,0.0598274
-1.4375,0.060495,0.060495,0.060495
-1.43625,0.0618302,0.0618302,0.0618302
-1.435,0.063833,0.063833,0.063833
-1.43375,0.0614964,0.0614964,0.0614964
-1.4325,0.0631654,0.0631654,0.0631654
-1.43125,0.0628316,0.0628316,0.0628316
-1.43,0.0634992,0.0634992,0.0634992
-1.42875,0.063833,0.063833,0.063833
-1.4275,0.0651681,0.0651681,0.0651681
-1.42625,0.0648344,0.0648344,0.0648344
-1.425,0.0618302,0.0618302,0.0618302
-1.42375,0.0608288,0.0608288,0.0608288
-1.4225,0.0614964,0.0614964,0.0614964
-1.42125,0.0631654,0.0631654,0.0631654
-1.42,0.0631654,0.0631654,0.0631654
-1.41875,0.058826,0.058826,0.058826
-1.4175,0.0608288,0.0608288,0.0608288
-1.41625,0.0614964,0.0614964,0.0614964
-1.415,0.063833,0.063833,0.063833
-1.41375,0.0624978,0.0624978,0.0624978
-1.4125,0.0624978,0.0624978,0.0624978
-1.41125,0.0641668,0.0641668,0.0641668
-1.41,0.0628316,0.0628316,0.0628316
-1.40875,0.063833,0.063833,0.063833
-1.4075,0.0655019,0.0655019,0.0655019
-1.40625,0.0645006,0.0645006,0.0645006
-1.405,0.0628316,0.0628316,0.0628316
-1.40375,0.0598274,0.0598274,0.0598274
-1.4025,0.062164,0.062164,0.062164
-1.40125,0.0624978,0.0624978,0.0624978
-1.4,0.0628316,0.0628316,0.0628316
-1.39875,0.0591598,0.0591598,0.0591598
-1.3975,0.0601612,0.0601612,0.0601612
-1.39625,0.0624978,0.0624978,0.0624978
-1.395,0.0624978,0.0624978,0.0624978
-1.39375,0.0628316,0.0628316,0.0628316
-1.3925,0.062164,0.062164,0.062164
-1.39125,0.063833,0.063833,0.063833
-1.39,0.0634992,0.0634992,0.0634992
-1.38875,0.0631654,0.0631654,0.0631654
-1.3875,0.0661695,0.0661695,0.0661695
-1.38625,0.0634992,0.0634992,0.0634992
-1.385,0.0628316,0.0628316,0.0628316
-1.38375,0.0601612,0.0601612,0.0601612
-1.3825,0.0618302,0.0618302,0.0618302
-1.38125,0.0634992,0.0634992,0.0634992
-1.38,0.0618302,0.0618302,0.0618302
-1.37875,0.0598274,0.0598274,0.0598274
-1.3775,0.0598274,0.0598274,0.0598274
-1.37625,0.0624978,0.0624978,0.0624978
-1.375,0.0631654,0.0631654,0.0631654
-1.37375,0.062164,0.062164,0.062164
-1.3725,0.0631654,0.0631654,0.0631654
-1.37125,0.0628316,0.0628316,0.0628316
-1.37,0.063833,0.063833,0.063833
-1.36875,0.0631654,0.0631654,0.0631654
-1.3675,0.0661695,0.0661695,0.0661695
-1.36625,0.0645006,0.0645006,0.0645006
-1.365,0.062164,0.062164,0.062164
-1.36375,0.0608288,0.0608288,0.0608288
-1.3625,0.0611626,0.0611626,0.0611626
-1.36125,0.0634992,0.0634992,0.0634992
-1.36,0.0618302,0.0618302,0.0618302
-1.35875,0.0594936,0.0594936,0.0594936
-1.3575,0.0608288,0.0608288,0.0608288
-1.35625,0.0614964,0.0614964,0.0614964
-1.355,0.063833,0.063833,0.063833
-1.35375,0.0614964,0.0614964,0.0614964
-1.3525,0.0631654,0.0631654,0.0631654
-1.35125,0.0634992,0.0634992,0.0634992
-1.35,0.0631654,0.0631654,0.0631654
-1.34875,0.0641668,0.0641668,0.0641668
-1.3475,0.0651681,0.0651681,0.0651681
-1.34625,0.0645006,0.0645006,0.0645006
-1.345,0.062164,0.062164,0.062164
-1.34375,0.0608288,0.0608288,0.0608288
-1.3425,0.062164,0.062164,0.062164
-1.34125,0.0628316,0.0628316,0.0628316
-1.34,0.0628316,0.0628316,0.0628316
-1.33875,0.058826,0.058826,0.058826
-1.3375,0.0608288,0.0608288,0.0608288
-1.33625,0.0618302,0.0618302,0.0618302
-1.335,0.0634992,0.0634992,0.0634992
-1.33375,0.0628316,0.0628316,0.0628316
-1.3325,0.062164,0.062164,0.062164
-1.33125,0.063833,0.063833,0.063833
-1.33,0.0628316,0.0628316,0.0628316
-1.32875,0.0641668,0.0641668,0.0641668
-1.3275,0.0658357,0.0658357,0.0658357
-1.32625,0.063833,0.063833,0.063833
-1.325,0.0628316,0.0628316,0.0628316
-1.32375,0.0598274,0.0598274,0.0598274
-1.3225,0.062164,0.062164,0.062164
-1.32125,0.0628316,0.0628316,0.0628316
-1.32,0.0624978,0.0624978,0.0624978
-1.31875,0.0598274,0.0598274,0.0598274
-1.3175,0.0598274,0.0598274,0.0598274
-1.31625,0.0624978,0.0624978,0.0624978
-1.315,0.0628316,0.0628316,0.0628316
-1.31375,0.0628316,0.0628316,0.0628316
-1.3125,0.0624978,0.0624978,0.0624978
-1.31125,0.0634992,0.0634992,0.0634992
-1.31,0.0641668,0.0641668,0.0641668
-1.30875,0.0631654,0.0631654,0.0631654
-1.3075,0.0661695,0.0661695,0.0661695
-1.30625,0.063833,0.063833,0.063833
-1.305,0.0628316,0.0628316,0.0628316
-1.30375,0.0608288,0.0608288,0.0608288
-1.3025,0.0614964,0.0614964,0.0614964
-1.30125,0.063833,0.063833,0.063833
-1.3,0.0618302,0.0618302,0.0618302
-1.29875,0.0598274,0.0598274,0.0598274
-1.2975,0.0601612,0.0601612,0.0601612
-1.29625,0.062164,0.062164,0.062164
-1.295,0.0631654,0.0631654,0.0631654
-1.29375,0.0634992,0.0634992,0.0634992
-1.2925,0.0651681,0.0651681,0.0651681
-1.29125,0.0628316,0.0628316,0.0628316
-1.29,0.0548204,0.0548204,0.0548204
-1.28875,0.0534852,0.0534852,0.0534852
-1.2875,0.0548204,0.0548204,0.0548204
-1.28625,0.0524838,0.0524838,0.0524838
-1.285,0.0508148,0.0508148,0.0508148
-1.28375,0.0501472,0.0501472,0.0501472
-1.2825,0.0511486,0.0511486,0.0511486
-1.28125,0.0514824,0.0514824,0.0514824
-1.28,0.050481,0.050481,0.050481
-1.27875,0.0494796,0.0494796,0.0494796
-1.2775,0.0494796,0.0494796,0.0494796
-1.27625,0.050481,0.050481,0.050481
-1.275,0.0518162,0.0518162,0.0518162
-1.27375,0.05215,0.05215,0.05215
-1.2725,0.05215,0.05215,0.05215
-1.27125,0.0518162,0.0518162,0.0518162
-1.27,0.0518162,0.0518162,0.0518162
-1.26875,0.0534852,0.0534852,0.0534852
-1.2675,0.0548204,0.0548204,0.0548204
-1.26625,0.0524838,0.0524838,0.0524838
-1.265,0.0508148,0.0508148,0.0508148
-1.26375,0.0501472,0.0501472,0.0501472
-1.2625,0.0511486,0.0511486,0.0511486
-1.26125,0.0514824,0.0514824,0.0514824
-1.26,0.0508148,0.0508148,0.0508148
-1.25875,0.0494796,0.0494796,0.0494796
-1.2575,0.0498134,0.0498134,0.0498134
-1.25625,0.050481,0.050481,0.050481
-1.255,0.0518162,0.0518162,0.0518162
-1.25375,0.0518162,0.0518162,0.0518162
-1.2525,0.0518162,0.0518162,0.0518162
-1.25125,0.0514824,0.0514824,0.0514824
-1.25,0.0514824,0.0514824,0.0514824
-1.24875,0.0548204,0.0548204,0.0548204
-1.2475,0.057157,0.057157,0.057157
-1.24625,0.0548204,0.0548204,0.0548204
-1.245,0.0531514,0.0531514,0.0531514
-1.24375,0.0524838,0.0524838,0.0524838
-1.2425,0.0534852,0.0534852,0.0534852
-1.24125,0.053819,0.053819,0.053819
-1.24,0.0528176,0.0528176,0.0528176
-1.23875,0.0451402,0.0451402,0.0451402
-1.2375,0.00208011,0.00208011,-0.00191989
-1.23625,0.00274771,0.00274771,-0.00125229
-1.235,0.0044167,0.0044167,0.0004167
-1.23375,0.0047505,0.0047505,0.0007505
-1.2325,0.0044167,0.0044167,0.0004167
-1.23125,0.0044167,0.0044167,0.0004167
-1.23,0.0044167,0.0044167,0.0004167
-1.22875,0.0060857,0.0060857,0.0020857
-1.2275,0.0070871,0.0070871,0.0030871
-1.22625,0.0047505,0.0047505,0.0007505
-1.225,0.00341531,0.00341531,-0.00058469
-1.22375,0.00274771,0.00274771,-0.00125229
-1.2225,0.0037491,0.0037491,-0.0002509
-1.22125,0.0040829,0.0040829,8.29E-05
-1.22,0.00308151,0.00308151,-0.00091849
-1.21875,0.00174631,0.00174631,-0.00225369
-1.2175,0.00208011,0.00208011,-0.00191989
-1.21625,0.00308151,0.00308151,-0.00091849
-1.215,0.0044167,0.0044167,0.0004167
-1.21375,0.0047505,0.0047505,0.0007505
-1.2125,0.0044167,0.0044167,0.0004167
-1.21125,0.0040829,0.0040829,8.29E-05
-1.21,0.0044167,0.0044167,0.0004167
-1.20875,0.0060857,0.0060857,0.0020857
-1.2075,0.0070871,0.0070871,0.0030871
-1.20625,0.0047505,0.0047505,0.0007505
-1.205,0.00341531,0.00341531,-0.00058469
-1.20375,0.00274771,0.00274771,-0.00125229
-1.2025,0.0037491,0.0037491,-0.0002509
-1.20125,0.0040829,0.0040829,8.29E-05
-1.2,0.00308151,0.00308151,-0.00091849
-1.19875,0.00174631,0.00174631,-0.00225369
-1.1975,0.00208011,0.00208011,-0.00191989
-1.19625,0.00274771,0.00274771,-0.00125229
-1.195,0.0044167,0.0044167,0.0004167
-1.19375,0.0044167,0.0044167,0.0004167
-1.1925,0.0044167,0.0044167,0.0004167
-1.19125,0.0040829,0.0040829,8.29E-05
-1.19,0.0044167,0.0044167,0.0004167
-1.18875,0.0060857,0.0060857,0.0020857
-1.1875,0.0070871,0.0070871,0.0030871
-1.18625,0.0047505,0.0047505,0.0007505
-1.185,0.00341531,0.00341531,-0.00058469
-1.18375,0.00274771,0.00274771,-0.00125229
-1.1825,0.0037491,0.0037491,-0.0002509
-1.18125,0.0040829,0.0040829,8.29E-05
-1.18,0.00308151,0.00308151,-0.00091849
-1.17875,0.00174631,0.00174631,-0.00225369
-1.1775,0.00208011,0.00208011,-0.00191989
-1.17625,0.00274771,0.00274771,-0.00125229
-1.175,0.0044167,0.0044167,0.0004167
-1.17375,0.0044167,0.0044167,0.0004167
-1.1725,0.0044167,0.0044167,0.0004167
-1.17125,0.0040829,0.0040829,8.29E-05
-1.17,0.0044167,0.0044167,0.0004167
-1.16875,0.0060857,0.0060857,0.0020857
-1.1675,0.0074209,0.0074209,0.0034209
-1.16625,0.0047505,0.0047505,0.0007505
-1.165,0.00341531,0.00341531,-0.00058469
-1.16375,0.00274771,0.00274771,-0.00125229
-1.1625,0.0037491,0.0037491,-0.0002509
-1.16125,0.0040829,0.0040829,8.29E-05
-1.16,0.00308151,0.00308151,-0.00091849
-1.15875,0.00174631,0.00174631,-0.00225369
-1.1575,0.00208011,0.00208011,-0.00191989
-1.15625,0.00308151,0.00308151,-0.00091849
-1.155,0.0044167,0.0044167,0.0004167
-1.15375,0.0044167,0.0044167,0.0004167
-1.1525,0.0044167,0.0044167,0.0004167
-1.15125,0.0040829,0.0040829,8.29E-05
-1.15,0.0044167,0.0044167,0.0004167
-1.14875,0.0060857,0.0060857,0.0020857
-1.1475,0.0070871,0.0070871,0.0030871
-1.14625,0.0047505,0.0047505,0.0007505
-1.145,0.00341531,0.00341531,-0.00058469
-1.14375,0.00274771,0.00274771,-0.00125229
-1.1425,0.0037491,0.0037491,-0.0002509
-1.14125,0.0040829,0.0040829,8.29E-05
-1.14,0.00308151,0.00308151,-0.00091849
-1.13875,0.00174631,0.00174631,-0.00225369
-1.1375,0.00208011,0.00208011,-0.00191989
-1.13625,0.00308151,0.00308151,-0.00091849
-1.135,0.0044167,0.0044167,0.0004167
-1.13375,0.0047505,0.0047505,0.0007505
-1.1325,0.0044167,0.0044167,0.0004167
-1.13125,0.0040829,0.0040829,8.29E-05
-1.13,0.0047505,0.0047505,0.0007505
-1.12875,0.0060857,0.0060857,0.0020857
-1.1275,0.0070871,0.0070871,0.0030871
-1.12625,0.0047505,0.0047505,0.0007505
-1.125,0.00341531,0.00341531,-0.00058469
-1.12375,0.00274771,0.00274771,-0.00125229
-1.1225,0.0037491,0.0037491,-0.0002509
-1.12125,0.0040829,0.0040829,8.29E-05
-1.12,0.00274771,0.00274771,-0.00125229
-1.11875,0.00174631,0.00174631,-0.00225369
-1.1175,0.00208011,0.00208011,-0.00191989
-1.11625,0.00308151,0.00308151,-0.00091849
-1.115,0.0044167,0.0044167,0.0004167
-1.11375,0.0047505,0.0047505,0.0007505
-1.1125,0.0044167,0.0044167,0.0004167
-1.11125,0.0040829,0.0040829,8.29E-05
-1.11,0.0044167,0.0044167,0.0004167
-1.10875,0.0060857,0.0060857,0.0020857
-1.1075,0.0070871,0.0070871,0.0030871
-1.10625,0.0047505,0.0047505,0.0007505
-1.105,0.00308151,0.00308151,-0.00091849
-1.10375,0.00274771,0.00274771,-0.00125229
-1.1025,0.0037491,0.0037491,-0.0002509
-1.10125,0.0040829,0.0040829,8.29E-05
-1.1,0.00274771,0.00274771,-0.00125229
-1.09875,0.00174631,0.00174631,-0.00225369
-1.0975,0.00208011,0.00208011,-0.00191989
-1.09625,0.00308151,0.00308151,-0.00091849
-1.095,0.0044167,0.0044167,0.0004167
-1.09375,0.0044167,0.0044167,0.0004167
-1.0925,0.0044167,0.0044167,0.0004167
-1.09125,0.0040829,0.0040829,8.29E-05
-1.09,0.0044167,0.0044167,0.0004167
-1.08875,0.0060857,0.0060857,0.0020857
-1.0875,0.0070871,0.0070871,0.0030871
-1.08625,0.0047505,0.0047505,0.0007505
-1.085,0.00341531,0.00341531,-0.00058469
-1.08375,0.00274771,0.00274771,-0.00125229
-1.0825,0.0040829,0.0040829,8.29E-05
-1.08125,0.0040829,0.0040829,8.29E-05
-1.08,0.00274771,0.00274771,-0.00125229
-1.07875,0.00174631,0.00174631,-0.00225369
-1.0775,0.00241391,0.00241391,-0.00158609
-1.07625,0.00308151,0.00308151,-0.00091849
-1.075,0.0044167,0.0044167,0.0004167
-1.07375,0.0044167,0.0044167,0.0004167
-1.0725,0.0044167,0.0044167,0.0004167
-1.07125,0.0040829,0.0040829,8.29E-05
-1.07,0.0044167,0.0044167,0.0004167
-1.06875,0.0060857,0.0060857,0.0020857
-1.0675,0.0070871,0.0070871,0.0030871
-1.06625,0.0044167,0.0044167,0.0004167
-1.065,0.00341531,0.00341531,-0.00058469
-1.06375,0.00274771,0.00274771,-0.00125229
-1.0625,0.0037491,0.0037491,-0.0002509
-1.06125,0.0037491,0.0037491,-0.0002509
-1.06,0.00274771,0.00274771,-0.00125229
-1.05875,0.00174631,0.00174631,-0.00225369
-1.0575,0.00241391,0.00241391,-0.00158609
-1.05625,0.00308151,0.00308151,-0.00091849
-1.055,0.0044167,0.0044167,0.0004167
-1.05375,0.0044167,0.0044167,0.0004167
-1.0525,0.0044167,0.0044167,0.0004167
-1.05125,0.0040829,0.0040829,8.29E-05
-1.05,0.0047505,0.0047505,0.0007505
-1.04875,0.0064195,0.0064195,0.0024195
-1.0475,0.0070871,0.0070871,0.0030871
-1.04625,0.0044167,0.0044167,0.0004167
-1.045,0.00341531,0.00341531,-0.00058469
-1.04375,0.00274771,0.00274771,-0.00125229
-1.0425,0.0040829,0.0040829,8.29E-05
-1.04125,0.0040829,0.0040829,8.29E-05
-1.04,0.00274771,0.00274771,-0.00125229
-1.03875,0.00174631,0.00174631,-0.00225369
-1.0375,0.00241391,0.00241391,-0.00158609
-1.03625,0.00308151,0.00308151,-0.00091849
-1.035,0.0044167,0.0044167,0.0004167
-1.03375,0.0044167,0.0044167,0.0004167
-1.0325,0.0044167,0.0044167,0.0004167
-1.03125,0.0040829,0.0040829,8.29E-05
-1.03,0.0044167,0.0044167,0.0004167
-1.02875,0.0060857,0.0060857,0.0020857
-1.0275,0.0070871,0.0070871,0.0030871
-1.02625,0.0044167,0.0044167,0.0004167
-1.025,0.00341531,0.00341531,-0.00058469
-1.02375,0.00274771,0.00274771,-0.00125229
-1.0225,0.0037491,0.0037491,-0.0002509
-1.02125,0.0040829,0.0040829,8.29E-05
-1.02,0.00274771,0.00274771,-0.00125229
-1.01875,0.00174631,0.00174631,-0.00225369
-1.0175,0.00208011,0.00208011,-0.00191989
-1.01625,0.00308151,0.00308151,-0.00091849
-1.015,0.0044167,0.0044167,0.0004167
-1.01375,0.0044167,0.0044167,0.0004167
-1.0125,0.0044167,0.0044167,0.0004167
-1.01125,0.0040829,0.0040829,8.29E-05
-1.01,0.0047505,0.0047505,0.0007505
-1.00875,0.0064195,0.0064195,0.0024195
-1.0075,0.0070871,0.0070871,0.0030871
-1.00625,0.0044167,0.0044167,0.0004167
-1.005,0.00308151,0.00308151,-0.00091849
-1.00375,0.00241391,0.00241391,-0.00158609
-1.0025,0.0037491,0.0037491,-0.0002509
-1.00125,0.0037491,0.0037491,-0.0002509
-1,0.00274771,0.00274771,-0.00125229
